-- Advisory · portfolios — holdings / performance / risk / transactions / attribution
-- GENERATED by python/rm-demo/src/generate_sql.py — do not edit by hand.
-- Idempotent: CREATE TABLE IF NOT EXISTS + INSERT … ON CONFLICT DO NOTHING.

CREATE TABLE IF NOT EXISTS holdings (
  client_id TEXT PRIMARY KEY,
  data      JSONB NOT NULL
);
INSERT INTO holdings (client_id, data) VALUES ($rmt$PTY-0002005$rmt$, $rmj${"account_id": null, "total_market_value": 0, "positions": [], "held_away_assets": [{"type": "Cash & money-market — Privatbank Lindengut AG", "est_value": 1820000, "currency": "CHF"}, {"type": "Bonds (CHF/EUR/USD IG) — Privatbank Lindengut AG", "est_value": 3640000, "currency": "CHF"}, {"type": "Equities (global DM) — Privatbank Lindengut AG", "est_value": 3510000, "currency": "CHF"}, {"type": "Funds / ETF incl. RE — Privatbank Lindengut AG", "est_value": 1450000, "currency": "CHF", "note": "Held-away total CHF 10,420,000 as at 30 Apr 2026"}], "note": "Prospect — no custodied portfolio yet."}$rmj$::jsonb) ON CONFLICT (client_id) DO NOTHING;
INSERT INTO holdings (client_id, data) VALUES ($rmt$PTY-0002002$rmt$, $rmj${"account_id": "HPB-ZRH-0001", "reporting_currency": "CHF", "as_of": "2026-06-03T22:00:00Z", "total_market_value": 3213632, "positions": [{"ticker": "CASH-CHF", "asset_class": "cash", "market_value": 3213632, "currency": "CHF", "weight_pct": 100.0, "note": "Inherited proceeds, uninvested since 2026-03-10"}], "held_away_assets": [{"type": "ZKB savings (rainy-day fund)", "est_value": 50000, "currency": "CHF"}]}$rmj$::jsonb) ON CONFLICT (client_id) DO NOTHING;
INSERT INTO holdings (client_id, data) VALUES ($rmt$PTY-0003001$rmt$, $rmj${"account_id": null, "total_market_value": 0, "positions": [], "held_away_assets": [{"type": "Execution-only portfolio (held away)", "est_value": 24000000, "currency": "GBP", "note": "Legacy portfolio incl. BAT holding — out of proposed mandate scope"}], "note": "Prospect — USD 10m discretionary tranche pending onboarding."}$rmj$::jsonb) ON CONFLICT (client_id) DO NOTHING;
INSERT INTO holdings (client_id, data) VALUES ($rmt$CH-PB-0049217$rmt$, $rmj${"account_id": "HPB-ZRH-4829", "reporting_currency": "CHF", "as_of": "2026-06-22T22:00:00Z", "total_market_value": 2850000, "positions": [{"ticker": "IWDA", "asset_class": "equity", "market_value": 1140000, "currency": "CHF", "weight_pct": 40.0}, {"ticker": "NESN.SW", "asset_class": "equity", "market_value": 285000, "currency": "CHF", "weight_pct": 10.0}, {"ticker": "AAPL", "asset_class": "equity", "market_value": 256500, "currency": "CHF", "weight_pct": 9.0}, {"ticker": "SBI-DOM", "asset_class": "fixed_income", "market_value": 712500, "currency": "CHF", "weight_pct": 25.0}, {"ticker": "GLD-PHYS", "asset_class": "commodities", "market_value": 142500, "currency": "CHF", "weight_pct": 5.0}, {"ticker": "CASH-CHF", "asset_class": "cash", "market_value": 313500, "currency": "CHF", "weight_pct": 11.0}], "held_away_assets": []}$rmj$::jsonb) ON CONFLICT (client_id) DO NOTHING;
INSERT INTO holdings (client_id, data) VALUES ($rmt$CH-PB-0061884$rmt$, $rmj${"account_id": "HPB-GVA-6211", "reporting_currency": "CHF", "as_of": "2026-06-20T22:00:00Z", "total_market_value": 78240000, "positions": [{"ticker": "IWDA", "asset_class": "equity", "market_value": 19560000, "currency": "CHF", "weight_pct": 25.0}, {"ticker": "IG-CORP-FND", "asset_class": "fixed_income", "market_value": 23472000, "currency": "CHF", "weight_pct": 30.0}, {"ticker": "PE-MEDTECH-II", "asset_class": "alternatives", "market_value": 15648000, "currency": "CHF", "weight_pct": 20.0}, {"ticker": "HF-MS", "asset_class": "alternatives", "market_value": 7824000, "currency": "CHF", "weight_pct": 10.0}, {"ticker": "GLD-PHYS", "asset_class": "commodities", "market_value": 3912000, "currency": "CHF", "weight_pct": 5.0}, {"ticker": "CASH-CHF", "asset_class": "cash", "market_value": 7824000, "currency": "CHF", "weight_pct": 10.0}], "held_away_assets": [{"type": "Direct holdings + art (custody-only)", "est_value": 7700000, "currency": "CHF"}]}$rmj$::jsonb) ON CONFLICT (client_id) DO NOTHING;
INSERT INTO holdings (client_id, data) VALUES ($rmt$CH-PROS-0118$rmt$, $rmj${"account_id": null, "total_market_value": 0, "positions": [], "note": "Prospect — no portfolio yet."}$rmj$::jsonb) ON CONFLICT (client_id) DO NOTHING;
INSERT INTO holdings (client_id, data) VALUES ($rmt$CH-PROS-0119$rmt$, $rmj${"account_id": null, "total_market_value": 0, "positions": [], "held_away_assets": [{"type": "Sale proceeds — cash / money market (to deploy)", "est_value": 33000000, "currency": "CHF"}, {"type": "Existing securities portfolio (multi-banked)", "est_value": 5000000, "currency": "CHF"}, {"type": "Angel / private investments (illiquid)", "est_value": 3500000, "currency": "CHF"}, {"type": "Primary residence, Zug (net of mortgage)", "est_value": 2200000, "currency": "CHF", "note": "Est. net worth CHF 46m; CHF 20m earmarked for the initial discretionary mandate."}], "note": "Prospect — CHF 20m discretionary tranche pending onboarding (Thursday review)."}$rmj$::jsonb) ON CONFLICT (client_id) DO NOTHING;
INSERT INTO holdings (client_id, data) VALUES ($rmt$GB-PB-0072001$rmt$, $rmj${"account_id": "HPB-LDN-7201", "reporting_currency": "GBP", "as_of": "2026-06-26T22:00:00Z", "total_market_value": 12500000, "positions": [{"ticker": "NVDA", "asset_class": "equity", "market_value": 585000, "currency": "GBP", "weight_pct": 4.7, "note": "Magnificent-7; 7.2% of equity sleeve — single-name cap breach (5%)."}, {"ticker": "MSFT", "asset_class": "equity", "market_value": 446875, "currency": "GBP", "weight_pct": 3.6, "note": "Magnificent-7; 5.5% of equity sleeve — single-name cap breach (5%)."}, {"ticker": "AAPL", "asset_class": "equity", "market_value": 390000, "currency": "GBP", "weight_pct": 3.1}, {"ticker": "META", "asset_class": "equity", "market_value": 325000, "currency": "GBP", "weight_pct": 2.6}, {"ticker": "GOOGL", "asset_class": "equity", "market_value": 284375, "currency": "GBP", "weight_pct": 2.3}, {"ticker": "AMZN", "asset_class": "equity", "market_value": 243750, "currency": "GBP", "weight_pct": 1.9}, {"ticker": "TSLA", "asset_class": "equity", "market_value": 121875, "currency": "GBP", "weight_pct": 1.0}, {"ticker": "EQ-GLOBAL", "asset_class": "equity", "market_value": 5728125, "currency": "GBP", "weight_pct": 45.8, "note": "Diversified global equity (ex Magnificent-7 single names)."}, {"ticker": "GBP-IG-BONDS", "asset_class": "fixed_income", "market_value": 3125000, "currency": "GBP", "weight_pct": 25.0}, {"ticker": "ALT-DIVERSIFIED", "asset_class": "alternatives", "market_value": 625000, "currency": "GBP", "weight_pct": 5.0}, {"ticker": "CASH-GBP", "asset_class": "cash", "market_value": 625000, "currency": "GBP", "weight_pct": 5.0}], "held_away_assets": []}$rmj$::jsonb) ON CONFLICT (client_id) DO NOTHING;

CREATE TABLE IF NOT EXISTS performance (
  client_id TEXT PRIMARY KEY,
  data      JSONB NOT NULL
);
INSERT INTO performance (client_id, data) VALUES ($rmt$PTY-0002002$rmt$, $rmj${"basis": "TWR", "periods": {"YTD": {"gross": 0.4, "net": 0.4}}, "since_inception": {"gross": 0.4, "net": 0.4, "inception_date": "2026-05-12"}, "note": "Uninvested cash — cash interest only."}$rmj$::jsonb) ON CONFLICT (client_id) DO NOTHING;
INSERT INTO performance (client_id, data) VALUES ($rmt$CH-PB-0049217$rmt$, $rmj${"basis": "TWR", "periods": {"MTD": {"gross": -0.8, "net": -0.9, "benchmark": 0.1, "relative": -0.9}, "YTD": {"gross": 2.1, "net": 1.9, "benchmark": 2.5, "relative": -0.4}}, "since_inception": {"gross": 8.4, "net": 7.8, "annualised": true, "inception_date": "2022-03-15"}, "benchmark_name": "MSCI World 60 / SBI Domestic 40"}$rmj$::jsonb) ON CONFLICT (client_id) DO NOTHING;
INSERT INTO performance (client_id, data) VALUES ($rmt$CH-PB-0061884$rmt$, $rmj${"basis": "TWR", "periods": {"MTD": {"gross": 0.6, "net": 0.5}, "YTD": {"gross": 4.2, "net": 3.9}}, "since_inception": {"gross": 42.0, "net": 38.5, "annualised": true, "inception_date": "2012-09-01"}, "benchmark_name": "MSCI ACWI 50 / Global Agg CHF-hedged 35 / SARON 15"}$rmj$::jsonb) ON CONFLICT (client_id) DO NOTHING;
INSERT INTO performance (client_id, data) VALUES ($rmt$PTY-0002005$rmt$, $rmj${"note": "Prospect — no performance history at the bank yet."}$rmj$::jsonb) ON CONFLICT (client_id) DO NOTHING;
INSERT INTO performance (client_id, data) VALUES ($rmt$PTY-0003001$rmt$, $rmj${"note": "Prospect — no performance history yet."}$rmj$::jsonb) ON CONFLICT (client_id) DO NOTHING;
INSERT INTO performance (client_id, data) VALUES ($rmt$CH-PROS-0118$rmt$, $rmj${"note": "Prospect — no performance history yet."}$rmj$::jsonb) ON CONFLICT (client_id) DO NOTHING;
INSERT INTO performance (client_id, data) VALUES ($rmt$CH-PROS-0119$rmt$, $rmj${"note": "Prospect — no performance history at the bank yet."}$rmj$::jsonb) ON CONFLICT (client_id) DO NOTHING;
INSERT INTO performance (client_id, data) VALUES ($rmt$GB-PB-0072001$rmt$, $rmj${"basis": "TWR", "periods": {"MTD": {"gross": 1.2, "net": 1.1}, "YTD": {"gross": 9.4, "net": 9.0, "benchmark": 7.8, "relative": 1.2}}, "since_inception": {"gross": 31.5, "net": 28.9, "annualised": true, "inception_date": "2021-09-01"}, "benchmark_name": "MSCI ACWI 65 / Bloomberg Global Agg GBP-hedged 30 / SONIA 5"}$rmj$::jsonb) ON CONFLICT (client_id) DO NOTHING;

CREATE TABLE IF NOT EXISTS risk_exposure (
  client_id TEXT PRIMARY KEY,
  data      JSONB NOT NULL
);
INSERT INTO risk_exposure (client_id, data) VALUES ($rmt$PTY-0002005$rmt$, $rmj${"asset_allocation": [], "flags": [], "note": "Prospect — held-away portfolio balanced-conservative at Lindengut."}$rmj$::jsonb) ON CONFLICT (client_id) DO NOTHING;
INSERT INTO risk_exposure (client_id, data) VALUES ($rmt$PTY-0002002$rmt$, $rmj${"asset_allocation": [{"asset_class": "cash", "actual_pct": 100.0, "target_pct": null}], "currency_exposure": {"CHF": 100}, "flags": ["100% uninvested cash — initial proposal pending"]}$rmj$::jsonb) ON CONFLICT (client_id) DO NOTHING;
INSERT INTO risk_exposure (client_id, data) VALUES ($rmt$PTY-0003001$rmt$, $rmj${"asset_allocation": [], "flags": [], "note": "Prospect — USD 10m tranche pending funding."}$rmj$::jsonb) ON CONFLICT (client_id) DO NOTHING;
INSERT INTO risk_exposure (client_id, data) VALUES ($rmt$CH-PB-0049217$rmt$, $rmj${"asset_allocation": [{"asset_class": "equity", "actual_pct": 59.0, "target_pct": 55}, {"asset_class": "fixed_income", "actual_pct": 25.0, "target_pct": 30}, {"asset_class": "commodities", "actual_pct": 5.0, "target_pct": 5}, {"asset_class": "cash", "actual_pct": 11.0, "target_pct": 10}], "flags": ["Equity slightly overweight vs BG-5 model", "Apple concentration in pledged sub-account"]}$rmj$::jsonb) ON CONFLICT (client_id) DO NOTHING;
INSERT INTO risk_exposure (client_id, data) VALUES ($rmt$CH-PB-0061884$rmt$, $rmj${"asset_allocation": [{"asset_class": "equity", "actual_pct": 25.0, "target_pct": 30}, {"asset_class": "fixed_income", "actual_pct": 30.0, "target_pct": 25}, {"asset_class": "alternatives", "actual_pct": 30.0, "target_pct": 30}, {"asset_class": "cash", "actual_pct": 10.0, "target_pct": 10}, {"asset_class": "commodities", "actual_pct": 5.0, "target_pct": 5}], "flags": ["Alternatives sleeve at target; PE commitment pipeline active"]}$rmj$::jsonb) ON CONFLICT (client_id) DO NOTHING;
INSERT INTO risk_exposure (client_id, data) VALUES ($rmt$CH-PROS-0118$rmt$, $rmj${"asset_allocation": [], "flags": [], "note": "Prospect — no portfolio."}$rmj$::jsonb) ON CONFLICT (client_id) DO NOTHING;
INSERT INTO risk_exposure (client_id, data) VALUES ($rmt$CH-PROS-0119$rmt$, $rmj${"asset_allocation": [], "flags": [], "note": "Prospect — ~CHF 33m post-exit cash; proposed growth SAA pending mandate signature."}$rmj$::jsonb) ON CONFLICT (client_id) DO NOTHING;
INSERT INTO risk_exposure (client_id, data) VALUES ($rmt$GB-PB-0072001$rmt$, $rmj${"asset_allocation": [{"asset_class": "equity", "actual_pct": 65.0, "target_pct": 65}, {"asset_class": "fixed_income", "actual_pct": 25.0, "target_pct": 25}, {"asset_class": "alternatives", "actual_pct": 5.0, "target_pct": 5}, {"asset_class": "cash", "actual_pct": 5.0, "target_pct": 5}], "currency_exposure": {"GBP": 60, "USD": 30, "Other": 10}, "flags": ["Magnificent-7 aggregate 29.5% of equity sleeve vs 20% target (+950bps)", "NVDA 7.2% and MSFT 5.5% breach the 5% single-name cap"]}$rmj$::jsonb) ON CONFLICT (client_id) DO NOTHING;

CREATE TABLE IF NOT EXISTS portfolio_transactions (
  client_id TEXT PRIMARY KEY,
  data      JSONB NOT NULL
);
INSERT INTO portfolio_transactions (client_id, data) VALUES ($rmt$PTY-0002002$rmt$, $rmj$[{"trade_date": "2026-05-12", "type": "deposit", "gross_amount": 3213632, "currency": "CHF", "counterparty": "UBS Switzerland AG (inheritance release)", "status": "settled"}]$rmj$::jsonb) ON CONFLICT (client_id) DO NOTHING;
INSERT INTO portfolio_transactions (client_id, data) VALUES ($rmt$CH-PB-0049217$rmt$, $rmj$[{"trade_date": "2026-06-20", "type": "buy", "ticker": "AAPL", "gross_amount": 45000, "currency": "CHF", "status": "settled"}, {"trade_date": "2026-05-15", "type": "income_coupon", "ticker": "SBI-DOM", "gross_amount": 8200, "currency": "CHF", "status": "settled"}]$rmj$::jsonb) ON CONFLICT (client_id) DO NOTHING;
INSERT INTO portfolio_transactions (client_id, data) VALUES ($rmt$CH-PB-0061884$rmt$, $rmj$[{"trade_date": "2026-05-22", "type": "withdrawal", "gross_amount": 1000000, "currency": "CHF", "counterparty": "Fondation Lavanchy (philanthropy)", "status": "settled"}]$rmj$::jsonb) ON CONFLICT (client_id) DO NOTHING;
INSERT INTO portfolio_transactions (client_id, data) VALUES ($rmt$PTY-0002005$rmt$, $rmj$[]$rmj$::jsonb) ON CONFLICT (client_id) DO NOTHING;
INSERT INTO portfolio_transactions (client_id, data) VALUES ($rmt$PTY-0003001$rmt$, $rmj$[]$rmj$::jsonb) ON CONFLICT (client_id) DO NOTHING;
INSERT INTO portfolio_transactions (client_id, data) VALUES ($rmt$CH-PROS-0118$rmt$, $rmj$[]$rmj$::jsonb) ON CONFLICT (client_id) DO NOTHING;
INSERT INTO portfolio_transactions (client_id, data) VALUES ($rmt$CH-PROS-0119$rmt$, $rmj$[]$rmj$::jsonb) ON CONFLICT (client_id) DO NOTHING;
INSERT INTO portfolio_transactions (client_id, data) VALUES ($rmt$GB-PB-0072001$rmt$, $rmj$[{"trade_date": "2026-05-15", "type": "income_dividend", "ticker": "EQ-GLOBAL", "gross_amount": 18500, "currency": "GBP", "status": "settled"}]$rmj$::jsonb) ON CONFLICT (client_id) DO NOTHING;

CREATE TABLE IF NOT EXISTS attribution (
  client_id TEXT PRIMARY KEY,
  data      JSONB NOT NULL
);
INSERT INTO attribution (client_id, data) VALUES ($rmt$PTY-0002005$rmt$, $rmj${"client_id": "PTY-0002005", "error": "No data for this client in this sub-source."}$rmj$::jsonb) ON CONFLICT (client_id) DO NOTHING;
INSERT INTO attribution (client_id, data) VALUES ($rmt$PTY-0002002$rmt$, $rmj${"client_id": "PTY-0002002", "note": "No attribution — uninvested cash.", "contribution_by_asset_class": [{"asset_class": "cash", "contrib_pct": 0.4}]}$rmj$::jsonb) ON CONFLICT (client_id) DO NOTHING;
INSERT INTO attribution (client_id, data) VALUES ($rmt$PTY-0003001$rmt$, $rmj${"client_id": "PTY-0003001", "error": "No data for this client in this sub-source."}$rmj$::jsonb) ON CONFLICT (client_id) DO NOTHING;
INSERT INTO attribution (client_id, data) VALUES ($rmt$CH-PB-0049217$rmt$, $rmj${"client_id": "CH-PB-0049217", "contribution_by_position": [{"ticker": "AAPL", "contrib_pct": -0.9}, {"ticker": "IWDA", "contrib_pct": 0.3}], "contribution_by_asset_class": [{"asset_class": "equity", "contrib_pct": -0.6}, {"asset_class": "fixed_income", "contrib_pct": 0.1}], "top_contributors": [{"ticker": "IWDA", "contrib_pct": 0.3}], "top_detractors": [{"ticker": "AAPL", "contrib_pct": -0.9}]}$rmj$::jsonb) ON CONFLICT (client_id) DO NOTHING;
INSERT INTO attribution (client_id, data) VALUES ($rmt$CH-PB-0061884$rmt$, $rmj${"client_id": "CH-PB-0061884", "contribution_by_position": [{"ticker": "PE-MEDTECH-II", "contrib_pct": 1.2}, {"ticker": "IWDA", "contrib_pct": 0.4}], "contribution_by_asset_class": [{"asset_class": "alternatives", "contrib_pct": 1.2}, {"asset_class": "equity", "contrib_pct": 0.5}], "top_contributors": [{"ticker": "PE-MEDTECH-II", "contrib_pct": 1.2}], "top_detractors": []}$rmj$::jsonb) ON CONFLICT (client_id) DO NOTHING;
INSERT INTO attribution (client_id, data) VALUES ($rmt$CH-PROS-0118$rmt$, $rmj${"client_id": "CH-PROS-0118", "error": "No data for this client in this sub-source."}$rmj$::jsonb) ON CONFLICT (client_id) DO NOTHING;

