-- Advisory · transactions — corporate actions / elections / orders / tax lots / monitoring
-- GENERATED by python/rm-demo/src/generate_sql.py — do not edit by hand.
-- Idempotent: CREATE TABLE IF NOT EXISTS + INSERT … ON CONFLICT DO NOTHING.

CREATE TABLE IF NOT EXISTS corporate_actions (
  client_id TEXT PRIMARY KEY,
  data      JSONB NOT NULL
);
INSERT INTO corporate_actions (client_id, data) VALUES ($rmt$PTY-0002005$rmt$, $rmj$[]$rmj$::jsonb) ON CONFLICT (client_id) DO NOTHING;
INSERT INTO corporate_actions (client_id, data) VALUES ($rmt$PTY-0002002$rmt$, $rmj$[]$rmj$::jsonb) ON CONFLICT (client_id) DO NOTHING;
INSERT INTO corporate_actions (client_id, data) VALUES ($rmt$PTY-0003001$rmt$, $rmj$[]$rmj$::jsonb) ON CONFLICT (client_id) DO NOTHING;
INSERT INTO corporate_actions (client_id, data) VALUES ($rmt$CH-PB-0049217$rmt$, $rmj$[{"id": "CA-2026-0521", "ticker": "SBI-DOM", "isin": "CH-SBI-DOM-FUND", "type": "coupon", "status": "paid", "ex_date": "2026-05-13", "pay_date": "2026-05-15", "gross_amount": 8200, "currency": "CHF", "note": "Semi-annual coupon — SBI Domestic bond fund."}, {"id": "CA-2026-0788", "ticker": "AAPL", "isin": "US0378331005", "type": "cash_dividend", "status": "paid", "ex_date": "2026-05-11", "pay_date": "2026-05-15", "gross_per_share": 0.26, "currency": "USD", "note": "Quarterly cash dividend on pledged AAPL position."}, {"id": "CA-2026-0902", "ticker": "NESN.SW", "isin": "CH0038863350", "type": "cash_dividend", "status": "announced", "ex_date": "2026-04-15", "pay_date": "2026-04-17", "gross_per_share": 3.1, "currency": "CHF", "note": "Annual Nestlé dividend (cash, no scrip option taken)."}]$rmj$::jsonb) ON CONFLICT (client_id) DO NOTHING;
INSERT INTO corporate_actions (client_id, data) VALUES ($rmt$CH-PB-0061884$rmt$, $rmj$[{"id": "CA-2026-0905", "ticker": "IG-CORP-FND", "isin": "LU-IG-CORP-FUND", "type": "coupon", "status": "paid", "ex_date": "2026-05-30", "pay_date": "2026-06-01", "gross_amount": 312000, "currency": "CHF", "note": "Distribution — global IG corporate bond fund."}, {"id": "CA-2026-0931", "ticker": "PE-MEDTECH-II", "isin": "PE-MEDTECH-II", "type": "capital_call", "status": "pending_election", "notice_date": "2026-06-18", "funding_date": "2026-07-10", "call_amount": 1200000, "currency": "CHF", "note": "Drawdown #4 (8% of CHF 15m commitment) — requires election EL-2026-0931."}]$rmj$::jsonb) ON CONFLICT (client_id) DO NOTHING;
INSERT INTO corporate_actions (client_id, data) VALUES ($rmt$CH-PROS-0118$rmt$, $rmj$[]$rmj$::jsonb) ON CONFLICT (client_id) DO NOTHING;
INSERT INTO corporate_actions (client_id, data) VALUES ($rmt$CH-PROS-0119$rmt$, $rmj$[]$rmj$::jsonb) ON CONFLICT (client_id) DO NOTHING;
INSERT INTO corporate_actions (client_id, data) VALUES ($rmt$GB-PB-0072001$rmt$, $rmj$[]$rmj$::jsonb) ON CONFLICT (client_id) DO NOTHING;

CREATE TABLE IF NOT EXISTS elections (
  client_id TEXT PRIMARY KEY,
  data      JSONB NOT NULL
);
INSERT INTO elections (client_id, data) VALUES ($rmt$PTY-0002005$rmt$, $rmj$[]$rmj$::jsonb) ON CONFLICT (client_id) DO NOTHING;
INSERT INTO elections (client_id, data) VALUES ($rmt$PTY-0002002$rmt$, $rmj$[]$rmj$::jsonb) ON CONFLICT (client_id) DO NOTHING;
INSERT INTO elections (client_id, data) VALUES ($rmt$PTY-0003001$rmt$, $rmj$[]$rmj$::jsonb) ON CONFLICT (client_id) DO NOTHING;
INSERT INTO elections (client_id, data) VALUES ($rmt$CH-PB-0049217$rmt$, $rmj$[]$rmj$::jsonb) ON CONFLICT (client_id) DO NOTHING;
INSERT INTO elections (client_id, data) VALUES ($rmt$CH-PB-0061884$rmt$, $rmj$[{"id": "EL-2026-0931", "linked_corporate_action": "CA-2026-0931", "ticker": "PE-MEDTECH-II", "type": "capital_call", "options": ["fund", "decline_with_late_interest"], "elected": null, "election_deadline": "2026-07-04", "status": "open", "recommended": "fund", "note": "Drawdown #4 CHF 1.2m; advise funding from CHF cash sleeve (10% / CHF 7.8m)."}]$rmj$::jsonb) ON CONFLICT (client_id) DO NOTHING;
INSERT INTO elections (client_id, data) VALUES ($rmt$CH-PROS-0118$rmt$, $rmj$[]$rmj$::jsonb) ON CONFLICT (client_id) DO NOTHING;
INSERT INTO elections (client_id, data) VALUES ($rmt$CH-PROS-0119$rmt$, $rmj$[]$rmj$::jsonb) ON CONFLICT (client_id) DO NOTHING;
INSERT INTO elections (client_id, data) VALUES ($rmt$GB-PB-0072001$rmt$, $rmj$[]$rmj$::jsonb) ON CONFLICT (client_id) DO NOTHING;

CREATE TABLE IF NOT EXISTS orders (
  client_id TEXT PRIMARY KEY,
  data      JSONB NOT NULL
);
INSERT INTO orders (client_id, data) VALUES ($rmt$PTY-0002005$rmt$, $rmj$[]$rmj$::jsonb) ON CONFLICT (client_id) DO NOTHING;
INSERT INTO orders (client_id, data) VALUES ($rmt$PTY-0002002$rmt$, $rmj$[]$rmj$::jsonb) ON CONFLICT (client_id) DO NOTHING;
INSERT INTO orders (client_id, data) VALUES ($rmt$PTY-0003001$rmt$, $rmj$[]$rmj$::jsonb) ON CONFLICT (client_id) DO NOTHING;
INSERT INTO orders (client_id, data) VALUES ($rmt$CH-PB-0049217$rmt$, $rmj$[{"id": "ORD-26-3391", "ticker": "AAPL", "side": "buy", "order_type": "market", "quantity": 90, "gross_amount": 45000, "currency": "CHF", "status": "filled", "placed": "2026-06-20", "filled": "2026-06-20", "pre_trade_compliance": "pass", "note": "Lombard collateral top-up after AAPL −9.5% move (CHF 45k agreed on 2026-06-22 call)."}]$rmj$::jsonb) ON CONFLICT (client_id) DO NOTHING;
INSERT INTO orders (client_id, data) VALUES ($rmt$CH-PB-0061884$rmt$, $rmj$[{"id": "ORD-26-5567", "ticker": "PE-MEDTECH-II", "side": "subscribe", "order_type": "capital_call", "gross_amount": 1200000, "currency": "CHF", "status": "pending_election", "placed": "2026-06-18", "pre_trade_compliance": "pass", "note": "Drawdown #4 — awaiting client election (EL-2026-0931)."}]$rmj$::jsonb) ON CONFLICT (client_id) DO NOTHING;
INSERT INTO orders (client_id, data) VALUES ($rmt$CH-PROS-0118$rmt$, $rmj$[]$rmj$::jsonb) ON CONFLICT (client_id) DO NOTHING;
INSERT INTO orders (client_id, data) VALUES ($rmt$CH-PROS-0119$rmt$, $rmj$[]$rmj$::jsonb) ON CONFLICT (client_id) DO NOTHING;
INSERT INTO orders (client_id, data) VALUES ($rmt$GB-PB-0072001$rmt$, $rmj$[]$rmj$::jsonb) ON CONFLICT (client_id) DO NOTHING;

CREATE TABLE IF NOT EXISTS tax_lots (
  client_id TEXT PRIMARY KEY,
  data      JSONB NOT NULL
);
INSERT INTO tax_lots (client_id, data) VALUES ($rmt$PTY-0002005$rmt$, $rmj${"lots": [], "unrealised_gain_loss": {"currency": null, "total": 0}, "estimated_transaction_cost": 0, "estimated_tax_impact": 0, "note": "Prospect — held-away portfolio at Privatbank Lindengut; no custodied tax lots."}$rmj$::jsonb) ON CONFLICT (client_id) DO NOTHING;
INSERT INTO tax_lots (client_id, data) VALUES ($rmt$PTY-0002002$rmt$, $rmj${"lots": [], "unrealised_gain_loss": {"total": 0, "currency": "CHF"}, "estimated_transaction_cost": 0, "estimated_tax_impact": 0, "note": "100% cash — no tax lots. CH private investor: securities capital gains tax-exempt."}$rmj$::jsonb) ON CONFLICT (client_id) DO NOTHING;
INSERT INTO tax_lots (client_id, data) VALUES ($rmt$PTY-0003001$rmt$, $rmj${"lots": [], "unrealised_gain_loss": {"currency": null, "total": 0}, "note": "Prospect — USD 10m tranche pending funding; no custodied lots."}$rmj$::jsonb) ON CONFLICT (client_id) DO NOTHING;
INSERT INTO tax_lots (client_id, data) VALUES ($rmt$CH-PB-0049217$rmt$, $rmj${"lots": [{"isin": "IE00B4L5Y983", "ticker": "IWDA", "acquired": "2022-03-15", "quantity": 12000, "cost_total": 966000, "market_value": 1140000, "unrealised": 174000, "currency": "CHF"}, {"isin": "CH0038863350", "ticker": "NESN.SW", "acquired": "2022-03-15", "quantity": 2700, "cost_total": 300000, "market_value": 285000, "unrealised": -15000, "currency": "CHF"}, {"isin": "US0378331005", "ticker": "AAPL", "acquired": "2022-03-15", "quantity": 1450, "cost_total": 245000, "market_value": 256500, "unrealised": 11500, "currency": "CHF", "note": "Pledged as Lombard collateral."}, {"isin": "CH-SBI-DOM-FUND", "ticker": "SBI-DOM", "acquired": "2022-03-15", "quantity": 7100, "cost_total": 720000, "market_value": 712500, "unrealised": -7500, "currency": "CHF"}, {"isin": "CH-GLD-PHYS", "ticker": "GLD-PHYS", "acquired": "2022-03-15", "quantity": 30, "cost_total": 110000, "market_value": 142500, "unrealised": 32500, "currency": "CHF"}], "unrealised_gain_loss": {"total": 195500, "currency": "CHF"}, "estimated_transaction_cost": 2850, "estimated_tax_impact": 0, "note": "CH private investor — no capital gains tax on securities; tax impact nil."}$rmj$::jsonb) ON CONFLICT (client_id) DO NOTHING;
INSERT INTO tax_lots (client_id, data) VALUES ($rmt$CH-PB-0061884$rmt$, $rmj${"lots": [{"isin": "IE00B4L5Y983", "ticker": "IWDA", "acquired": "2012-09-01", "cost_total": 12000000, "market_value": 19560000, "unrealised": 7560000, "currency": "CHF"}, {"isin": "LU-IG-CORP-FUND", "ticker": "IG-CORP-FND", "acquired": "2014-04-01", "cost_total": 23000000, "market_value": 23472000, "unrealised": 472000, "currency": "CHF"}, {"isin": "PE-MEDTECH-II", "ticker": "PE-MEDTECH-II", "acquired": "2019-06-01", "cost_total": 9000000, "market_value": 15648000, "unrealised": 6648000, "currency": "CHF", "note": "Closed-end PE — illiquid, NAV-based; lock-up to 2028."}, {"isin": "HF-MS", "ticker": "HF-MS", "acquired": "2017-01-01", "cost_total": 7000000, "market_value": 7824000, "unrealised": 824000, "currency": "CHF"}, {"isin": "CH-GLD-PHYS", "ticker": "GLD-PHYS", "acquired": "2012-09-01", "cost_total": 2500000, "market_value": 3912000, "unrealised": 1412000, "currency": "CHF"}], "unrealised_gain_loss": {"total": 16916000, "currency": "CHF"}, "estimated_transaction_cost": 86000, "estimated_tax_impact": 0, "note": "CH private investor — no personal CGT; PE sleeve illiquid (NAV-based, lock-up)."}$rmj$::jsonb) ON CONFLICT (client_id) DO NOTHING;
INSERT INTO tax_lots (client_id, data) VALUES ($rmt$CH-PROS-0118$rmt$, $rmj${"lots": [], "unrealised_gain_loss": {"currency": null, "total": 0}, "note": "Prospect — no portfolio."}$rmj$::jsonb) ON CONFLICT (client_id) DO NOTHING;
INSERT INTO tax_lots (client_id, data) VALUES ($rmt$CH-PROS-0119$rmt$, $rmj${"lots": [], "unrealised_gain_loss": {"currency": null, "total": 0}, "note": "Prospect — no custodied lots; 2024 share sale treated as a tax-exempt private capital gain (CH)."}$rmj$::jsonb) ON CONFLICT (client_id) DO NOTHING;
INSERT INTO tax_lots (client_id, data) VALUES ($rmt$GB-PB-0072001$rmt$, $rmj${"lots": [{"isin": "US67066G1040", "ticker": "NVDA", "acquired": "2023-02-10", "cost_total": 180000, "market_value": 585000, "unrealised": 405000, "currency": "GBP", "note": "Largest unrealised gain; trim crystallises UK CGT."}, {"isin": "US5949181045", "ticker": "MSFT", "acquired": "2022-06-01", "cost_total": 300000, "market_value": 446875, "unrealised": 146875, "currency": "GBP"}, {"isin": "US0378331005", "ticker": "AAPL", "acquired": "2021-09-01", "cost_total": 250000, "market_value": 390000, "unrealised": 140000, "currency": "GBP"}, {"isin": "US30303M1027", "ticker": "META", "acquired": "2023-01-15", "cost_total": 150000, "market_value": 325000, "unrealised": 175000, "currency": "GBP"}], "unrealised_gain_loss": {"total": 866875, "currency": "GBP"}, "estimated_transaction_cost": 1350, "estimated_tax_impact": 70000, "note": "UK CGT: 2025/26 annual exempt amount GBP 3,000; gains above taxed at 24% (higher rate). Est. CGT GBP 60k–80k on the full programme."}$rmj$::jsonb) ON CONFLICT (client_id) DO NOTHING;

CREATE TABLE IF NOT EXISTS transaction_monitoring (
  client_id TEXT PRIMARY KEY,
  data      JSONB NOT NULL
);
INSERT INTO transaction_monitoring (client_id, data) VALUES ($rmt$PTY-0002005$rmt$, $rmj${"alerts": [], "open_cases": 0, "status": "screening_in_progress", "note": "Prospect — KYC / name-screening in progress (due 2026-06-30); SoW review pending."}$rmj$::jsonb) ON CONFLICT (client_id) DO NOTHING;
INSERT INTO transaction_monitoring (client_id, data) VALUES ($rmt$PTY-0002002$rmt$, $rmj${"alerts": [{"id": "TM-26-1190", "date": "2026-05-12", "type": "large_incoming_transfer", "amount": 3213632, "currency": "CHF", "rule": "single credit > CHF 1m", "disposition": "cleared", "source_of_wealth": "Inheritance — estate of Dr. Heinrich Hofer; probate documents on file", "cleared_by": "compliance.zrh", "cleared_date": "2026-05-14"}], "open_cases": 0, "status": "clear"}$rmj$::jsonb) ON CONFLICT (client_id) DO NOTHING;
INSERT INTO transaction_monitoring (client_id, data) VALUES ($rmt$PTY-0003001$rmt$, $rmj${"alerts": [], "open_cases": 0, "status": "pending_onboarding", "note": "SoW pack (2019 business sale) from Hollis & Crane awaited; screening at onboarding."}$rmj$::jsonb) ON CONFLICT (client_id) DO NOTHING;
INSERT INTO transaction_monitoring (client_id, data) VALUES ($rmt$CH-PB-0049217$rmt$, $rmj${"alerts": [], "open_cases": 0, "status": "clear", "note": "Lombard top-up CHF 45k within profile; no surveillance flags."}$rmj$::jsonb) ON CONFLICT (client_id) DO NOTHING;
INSERT INTO transaction_monitoring (client_id, data) VALUES ($rmt$CH-PB-0061884$rmt$, $rmj${"alerts": [{"id": "TM-26-0884", "date": "2026-05-22", "type": "large_outgoing_transfer", "amount": 1000000, "currency": "CHF", "rule": "single debit > CHF 1m", "disposition": "cleared", "purpose": "Philanthropy grant — Fondation Lavanchy (related foundation on file)", "cleared_by": "compliance.gva", "cleared_date": "2026-05-23"}], "open_cases": 0, "status": "clear", "note": "Enhanced due diligence on file (UHNW); not classified PEP."}$rmj$::jsonb) ON CONFLICT (client_id) DO NOTHING;
INSERT INTO transaction_monitoring (client_id, data) VALUES ($rmt$CH-PROS-0118$rmt$, $rmj${"alerts": [], "open_cases": 0, "status": "prospect", "note": "No account; screening at onboarding."}$rmj$::jsonb) ON CONFLICT (client_id) DO NOTHING;
INSERT INTO transaction_monitoring (client_id, data) VALUES ($rmt$CH-PROS-0119$rmt$, $rmj${"alerts": [], "open_cases": 0, "status": "screening_in_progress", "note": "Prospect — KYC / SoW review (DataFlux 2024 exit; USD escrow releases Q4 2026); not classified PEP."}$rmj$::jsonb) ON CONFLICT (client_id) DO NOTHING;
INSERT INTO transaction_monitoring (client_id, data) VALUES ($rmt$GB-PB-0072001$rmt$, $rmj${"alerts": [], "open_cases": 0, "status": "clear", "note": "Established client; no surveillance flags."}$rmj$::jsonb) ON CONFLICT (client_id) DO NOTHING;

