-- CRM · crm — identity / identifiers / relationship / mandate / history / ownership / docs catalog
-- GENERATED by python/rm_mcps_export/generate_sql.py — do not edit by hand.
-- Idempotent: CREATE TABLE IF NOT EXISTS + INSERT … ON CONFLICT DO NOTHING.

CREATE TABLE IF NOT EXISTS party_identity (
  client_id TEXT PRIMARY KEY,
  data      JSONB NOT NULL
);
INSERT INTO party_identity (client_id, data) VALUES ($rmt$PTY-0002005$rmt$, $rmj${"full_legal_name": "Dr. Katharina Elisabeth Brunner", "aliases": [], "date_of_birth": "1972-03-14", "place_of_birth": "Kellerburg im Breisgau, DE", "gender": "f", "nationalities": ["CH", "DE"], "country_of_residence": "CH", "tax_residences": [{"country": "CH", "tin": null, "note": "Swiss tax resident (Canton Zürich, Zollikon)"}]}$rmj$::jsonb) ON CONFLICT (client_id) DO NOTHING;
INSERT INTO party_identity (client_id, data) VALUES ($rmt$PTY-0002002$rmt$, $rmj${"full_legal_name": "Sophie Margaux Hofer", "aliases": [], "date_of_birth": "1978-04-14", "place_of_birth": "Zürich, CH", "gender": "f", "nationalities": ["CH"], "country_of_residence": "CH", "tax_residences": [{"country": "CH", "tin": "756.0000.0000.00", "note": "Swiss AHV (fictional test value)"}]}$rmj$::jsonb) ON CONFLICT (client_id) DO NOTHING;
INSERT INTO party_identity (client_id, data) VALUES ($rmt$PTY-0003001$rmt$, $rmj${"full_legal_name": "Charlotte Margaret Ellery", "aliases": [], "date_of_birth": "1972-03-14", "place_of_birth": "Harrogate, North Yorkshire, GB", "gender": "f", "nationalities": ["GB"], "country_of_residence": "GB", "tax_residences": [{"country": "GB", "tin": null, "note": "UK tax resident; non-domiciled status under review"}]}$rmj$::jsonb) ON CONFLICT (client_id) DO NOTHING;
INSERT INTO party_identity (client_id, data) VALUES ($rmt$CH-PB-0049217$rmt$, $rmj${"full_legal_name": "Markus Andreas Brunner", "aliases": [], "date_of_birth": "1974-06-08", "place_of_birth": "Zürich, CH", "gender": "m", "nationalities": ["CH"], "country_of_residence": "CH", "tax_residences": [{"country": "CH", "tin": null, "note": "Swiss tax resident (Canton Zug)"}]}$rmj$::jsonb) ON CONFLICT (client_id) DO NOTHING;
INSERT INTO party_identity (client_id, data) VALUES ($rmt$CH-PB-0061884$rmt$, $rmj${"full_legal_name": "Isabelle Margaux Lavanchy-Ré", "aliases": [], "date_of_birth": "1964-11-19", "place_of_birth": "Lausanne, CH", "gender": "f", "nationalities": ["CH", "FR"], "country_of_residence": "CH", "tax_residences": [{"country": "CH", "tin": null, "note": "Primary Swiss tax residence"}, {"country": "FR", "tin": null, "note": "French nationality — CRS monitored"}]}$rmj$::jsonb) ON CONFLICT (client_id) DO NOTHING;
INSERT INTO party_identity (client_id, data) VALUES ($rmt$CH-PROS-0118$rmt$, $rmj${"full_legal_name": "Giulia Moretti-Conti", "aliases": [], "date_of_birth": "1967-03-28", "place_of_birth": "Milan, IT", "gender": "f", "nationalities": ["CH", "IT"], "country_of_residence": "CH", "tax_residences": [{"country": null, "tin": null, "note": "Not yet captured — open thread"}]}$rmj$::jsonb) ON CONFLICT (client_id) DO NOTHING;
INSERT INTO party_identity (client_id, data) VALUES ($rmt$CH-PROS-0119$rmt$, $rmj${"full_legal_name": "Augustus Wei Feng", "aliases": [], "date_of_birth": "1980-08-22", "place_of_birth": "Hong Kong", "gender": "m", "nationalities": ["CA"], "country_of_residence": "CH", "tax_residences": [{"country": "CH", "tin": null, "note": "Swiss tax resident (Canton Zug) since 2021; ordinary assessment"}, {"country": "CA", "tin": null, "note": "Canadian national; former HK permanent resident; not a US person (FATCA)"}]}$rmj$::jsonb) ON CONFLICT (client_id) DO NOTHING;
INSERT INTO party_identity (client_id, data) VALUES ($rmt$GB-PB-0072001$rmt$, $rmj${"full_legal_name": "Sophia Brown", "aliases": [], "date_of_birth": "1975-09-12", "place_of_birth": "London, GB", "gender": "f", "nationalities": ["GB"], "country_of_residence": "GB", "tax_residences": [{"country": "GB", "tin": null, "note": "UK tax resident; CGT applies to securities disposals"}]}$rmj$::jsonb) ON CONFLICT (client_id) DO NOTHING;

CREATE TABLE IF NOT EXISTS identifiers (
  client_id TEXT PRIMARY KEY,
  data      JSONB NOT NULL
);
INSERT INTO identifiers (client_id, data) VALUES ($rmt$PTY-0002005$rmt$, $rmj${"passport": {"no": "X3829467", "ctry": "CH", "type": "Swiss passport"}, "national_id": null, "lei": null, "company_registration": {"no": "CHE-109.482.350", "reg": "Handelsregister ZH — MediVista AG", "note": "Former 35% shareholding; company sold Oct 2024"}, "internal_party_id": "PTY-0002005"}$rmj$::jsonb) ON CONFLICT (client_id) DO NOTHING;
INSERT INTO identifiers (client_id, data) VALUES ($rmt$PTY-0002002$rmt$, $rmj${"passport": {"no": null, "ctry": "CH", "note": "Swiss ID on file"}, "internal_party_id": "PTY-0002002"}$rmj$::jsonb) ON CONFLICT (client_id) DO NOTHING;
INSERT INTO identifiers (client_id, data) VALUES ($rmt$PTY-0003001$rmt$, $rmj${"passport": {"no": null, "ctry": "GB", "note": "UK passport on file (identity folder)"}, "internal_party_id": "PTY-0003001"}$rmj$::jsonb) ON CONFLICT (client_id) DO NOTHING;
INSERT INTO identifiers (client_id, data) VALUES ($rmt$CH-PB-0049217$rmt$, $rmj${"passport": {"no": null, "ctry": "CH", "note": "Swiss passport on file"}, "internal_party_id": "CH-PB-0049217"}$rmj$::jsonb) ON CONFLICT (client_id) DO NOTHING;
INSERT INTO identifiers (client_id, data) VALUES ($rmt$CH-PB-0061884$rmt$, $rmj${"passport": {"no": null, "ctry": "CH", "note": "Swiss passport on file"}, "internal_party_id": "CH-PB-0061884"}$rmj$::jsonb) ON CONFLICT (client_id) DO NOTHING;
INSERT INTO identifiers (client_id, data) VALUES ($rmt$CH-PROS-0118$rmt$, $rmj${"passport": {"no": null, "note": "Not collected — prospect stage"}, "internal_party_id": "CH-PROS-0118"}$rmj$::jsonb) ON CONFLICT (client_id) DO NOTHING;
INSERT INTO identifiers (client_id, data) VALUES ($rmt$CH-PROS-0119$rmt$, $rmj${"passport": {"no": "HJ829471", "ctry": "CA", "type": "Canadian passport"}, "national_id": {"no": null, "type": "Swiss residence permit C"}, "lei": null, "company_registration": {"no": null, "reg": "DataFlux Systems AG, Zug (sold 2024 to Meridian Cloud Inc.)", "note": "Former 22% stake at exit (diluted from 38% co-founder stake)."}, "internal_party_id": "CH-PROS-0119"}$rmj$::jsonb) ON CONFLICT (client_id) DO NOTHING;
INSERT INTO identifiers (client_id, data) VALUES ($rmt$GB-PB-0072001$rmt$, $rmj${"passport": {"no": null, "ctry": "GB", "note": "UK passport on file"}, "internal_party_id": "GB-PB-0072001"}$rmj$::jsonb) ON CONFLICT (client_id) DO NOTHING;

CREATE TABLE IF NOT EXISTS relationship (
  client_id TEXT PRIMARY KEY,
  data      JSONB NOT NULL
);
INSERT INTO relationship (client_id, data) VALUES ($rmt$PTY-0002005$rmt$, $rmj${"client_vs_prospect": "prospect", "owning_rm_team_booking_centre": {"rm": "stefan.keller", "team": "Domestic CH / Private Clients", "booking_centre": "Zürich"}, "client_segment": "HNW", "referral_source": "Referral by existing client R. Steiner, 2026", "languages": ["de", "en"], "contact": {"address": "Bergstrasse 27, 8702 Zollikon, CH", "preferred_channel": "email"}}$rmj$::jsonb) ON CONFLICT (client_id) DO NOTHING;
INSERT INTO relationship (client_id, data) VALUES ($rmt$PTY-0002002$rmt$, $rmj${"client_vs_prospect": "client", "owning_rm_team_booking_centre": {"rm": "marc.dubois", "team": "Domestic CH / Private Clients", "booking_centre": "Zürich"}, "client_segment": "Affluent", "referral_source": "Inheritance / estate transfer (UBS)", "languages": ["de", "en"], "contact": {"email": "s.hofer@example.ch", "address": "Seefeldstrasse 95, 8008 Zürich, CH", "preferred_channel": "email"}}$rmj$::jsonb) ON CONFLICT (client_id) DO NOTHING;
INSERT INTO relationship (client_id, data) VALUES ($rmt$PTY-0003001$rmt$, $rmj${"client_vs_prospect": "prospect", "owning_rm_team_booking_centre": {"rm": "stefan.keller", "arm": "claire.dubois", "team": "International / UHNW", "booking_centre": "Geneva"}, "client_segment": "UHNW", "referral_source": "Introduced by Margaret Hollis (Hollis & Crane LLP), May 2026", "languages": ["en"], "contact": {"preferred_channel": "email"}}$rmj$::jsonb) ON CONFLICT (client_id) DO NOTHING;
INSERT INTO relationship (client_id, data) VALUES ($rmt$CH-PB-0049217$rmt$, $rmj${"client_vs_prospect": "client", "owning_rm_team_booking_centre": {"rm": "marc.dubois", "team": "Domestic CH / Private Clients", "booking_centre": "Zürich"}, "client_segment": "HNW", "referral_source": "2021 share-sale proceeds onboarding", "languages": ["de", "en"], "contact": {"preferred_channel": "email"}}$rmj$::jsonb) ON CONFLICT (client_id) DO NOTHING;
INSERT INTO relationship (client_id, data) VALUES ($rmt$CH-PB-0061884$rmt$, $rmj${"client_vs_prospect": "client", "owning_rm_team_booking_centre": {"rm": "marc.dubois", "team": "International / UHNW", "booking_centre": "Geneva"}, "client_segment": "UHNW", "referral_source": "Family-office referral, 2017", "languages": ["fr", "en", "de"], "contact": {"preferred_channel": "email"}}$rmj$::jsonb) ON CONFLICT (client_id) DO NOTHING;
INSERT INTO relationship (client_id, data) VALUES ($rmt$CH-PROS-0118$rmt$, $rmj${"client_vs_prospect": "prospect", "owning_rm_team_booking_centre": {"rm": "stefan.keller", "specialist": "claire.dubois", "team": "International / UHNW", "booking_centre": "Zürich"}, "client_segment": "UHNW", "referral_source": "Lugano wealth-planning forum; lawyer warm intro", "languages": ["it", "en", "fr"], "contact": {"preferred_channel": "via client's lawyer (nominated primary contact)", "note": "Route all correspondence through her lawyer; no direct client outreach without RM clearance."}}$rmj$::jsonb) ON CONFLICT (client_id) DO NOTHING;
INSERT INTO relationship (client_id, data) VALUES ($rmt$CH-PROS-0119$rmt$, $rmj${"client_vs_prospect": "prospect", "owning_rm_team_booking_centre": {"rm": "stefan.keller", "specialist": "claire.dubois", "team": "International / UHNW", "booking_centre": "Zürich"}, "client_segment": "UHNW", "referral_source": "Post-exit technology founder; professional-network introduction, 2026", "languages": ["en", "de"], "contact": {"address": "Artherstrasse 14, 6300 Zug, CH", "preferred_channel": "email", "note": "Booking centre Helvetia Privatbank AG, Zurich; investment specialist Claire Dubois (private markets)."}}$rmj$::jsonb) ON CONFLICT (client_id) DO NOTHING;
INSERT INTO relationship (client_id, data) VALUES ($rmt$GB-PB-0072001$rmt$, $rmj${"client_vs_prospect": "client", "owning_rm_team_booking_centre": {"rm": "dennis.laurent", "team": "International / Private Clients", "booking_centre": "London"}, "client_segment": "HNW", "referral_source": "Established relationship", "languages": ["en"], "contact": {"preferred_channel": "email", "note": "GBP base currency; London booking centre."}}$rmj$::jsonb) ON CONFLICT (client_id) DO NOTHING;

CREATE TABLE IF NOT EXISTS mandate (
  client_id TEXT PRIMARY KEY,
  data      JSONB NOT NULL
);
INSERT INTO mandate (client_id, data) VALUES ($rmt$PTY-0002005$rmt$, $rmj${"mandate_type": "none yet (prospect) — proposed discretionary mandate, CHF 10,000,000", "investment_objective": "stable growth / capital preservation", "risk_profile": "balanced-conservative; client-stipulated max drawdown 5%", "investment_horizon_liquidity": "long-term; retain ~CHF 0.5m at Privatbank Lindengut for liquidity", "constraints_exclusions": ["max drawdown 5%", "no leverage", "prefers quality bonds / dividend equities"], "reference_currency": "CHF"}$rmj$::jsonb) ON CONFLICT (client_id) DO NOTHING;
INSERT INTO mandate (client_id, data) VALUES ($rmt$PTY-0002002$rmt$, $rmj${"mandate_type": "advisory", "investment_objective": "preservation", "risk_profile": "conservative (2/7)", "investment_horizon_liquidity": "Long-term; near-term liquidity bucket for children's education", "constraints_exclusions": ["no complex/structured products", "no leverage"], "reference_currency": "CHF", "fee_schedule": {"model": "AUM", "bps": 60}}$rmj$::jsonb) ON CONFLICT (client_id) DO NOTHING;
INSERT INTO mandate (client_id, data) VALUES ($rmt$PTY-0003001$rmt$, $rmj${"mandate_type": "proposed discretionary, USD 10,000,000 initial tranche", "investment_objective": "stable real growth with capital preservation priority", "risk_profile": "conservative; binding 5% peak-to-trough drawdown budget", "investment_horizon_liquidity": "≥10 years; high liquidity for opportunistic deployment", "constraints_exclusions": ["tobacco excluded", "no illiquid lock-ups without consent"], "reference_currency": "GBP"}$rmj$::jsonb) ON CONFLICT (client_id) DO NOTHING;
INSERT INTO mandate (client_id, data) VALUES ($rmt$CH-PB-0049217$rmt$, $rmj${"mandate_type": "discretionary", "investment_objective": "preserve and modestly grow", "risk_profile": "balanced (4/6)", "investment_horizon_liquidity": "8–10 years core; 5–8 years education sub-mandate (planned)", "constraints_exclusions": ["no concentration", "retain Swiss names", "hold physical gold"], "reference_currency": "CHF", "fee_schedule": {"model": "AUM", "bps": 75}}$rmj$::jsonb) ON CONFLICT (client_id) DO NOTHING;
INSERT INTO mandate (client_id, data) VALUES ($rmt$CH-PB-0061884$rmt$, $rmj${"mandate_type": "discretionary (Mandate 1) + advisory alternatives (Mandate 2)", "investment_objective": "preserve and transmit multi-generational wealth", "risk_profile": "growth (5/6)", "investment_horizon_liquidity": "15+ years", "constraints_exclusions": ["approved-shelf only for alternatives", "no US person status"], "reference_currency": "CHF", "fee_schedule": {"model": "AUM", "bps": 55}}$rmj$::jsonb) ON CONFLICT (client_id) DO NOTHING;
INSERT INTO mandate (client_id, data) VALUES ($rmt$CH-PROS-0118$rmt$, $rmj${"mandate_type": null, "investment_objective": null, "risk_profile": null, "reference_currency": "CHF"}$rmj$::jsonb) ON CONFLICT (client_id) DO NOTHING;
INSERT INTO mandate (client_id, data) VALUES ($rmt$CH-PROS-0119$rmt$, $rmj${"mandate_type": "none yet (prospect) — proposed discretionary mandate, CHF 20,000,000 (initial tranche)", "investment_objective": "long-term real capital growth with controlled drawdowns; total return reinvested", "risk_profile": "growth (5/6)", "investment_horizon_liquidity": "10 years and beyond; phased entry (baseline nine-month or accelerated five-month)", "constraints_exclusions": ["diversify post-exit cash", "thematic technology capped at 5%", "manage residual USD escrow (~USD 4m, releases Q4 2026)", "open to MSCI ESG-aligned tilt"], "reference_currency": "CHF"}$rmj$::jsonb) ON CONFLICT (client_id) DO NOTHING;
INSERT INTO mandate (client_id, data) VALUES ($rmt$GB-PB-0072001$rmt$, $rmj${"mandate_type": "discretionary", "investment_objective": "balanced growth with mandate-disciplined diversification", "risk_profile": "balanced growth", "investment_horizon_liquidity": "long-term; CGT-aware staged execution, split across the tax-year boundary if preferred", "constraints_exclusions": ["Magnificent-7 aggregate 18–22% of equity sleeve", "single-name cap 5%", "CGT-aware execution"], "reference_currency": "GBP", "fee_schedule": {"model": "AUM", "bps": 65}}$rmj$::jsonb) ON CONFLICT (client_id) DO NOTHING;

CREATE TABLE IF NOT EXISTS history (
  client_id TEXT PRIMARY KEY,
  data      JSONB NOT NULL
);
INSERT INTO history (client_id, data) VALUES ($rmt$PTY-0002005$rmt$, $rmj${"interaction_log": ["2026-06-16 (Teams): Pitch meeting — Conservative CHF Composite, 5% drawdown ceiling re-affirmed.", "2026-05-19 (meeting): First prospect meeting, Zurich. Indicative CHF 10m discretionary mandate."], "open_tasks": [{"task": "Complete KYC / name-screening", "due": "2026-06-30", "status": "open"}, {"task": "Send tailored Q&A pack (drawdown mechanics)", "due": "2026-06-28", "status": "open"}], "life_events": ["MediVista AG exit (Oct 2024)", "Küsnacht property sale (Feb 2022)"], "complaints": []}$rmj$::jsonb) ON CONFLICT (client_id) DO NOTHING;
INSERT INTO history (client_id, data) VALUES ($rmt$PTY-0002002$rmt$, $rmj${"interaction_log": ["2026-05-12 (meeting): Onboarding — CHF 3.21M inheritance, very risk-averse.", "2026-04-28 (call): KYC/SoW documentation review — all complete."], "open_tasks": [{"task": "Prepare initial conservative investment proposal", "due": "2026-06-05", "status": "overdue"}, {"task": "Define liquidity bucket for children's education", "due": "2026-06-15", "status": "open"}], "life_events": ["Father Dr. Heinrich Hofer died (2025-11-12)", "Onboarded (2026-05)"], "complaints": []}$rmj$::jsonb) ON CONFLICT (client_id) DO NOTHING;
INSERT INTO history (client_id, data) VALUES ($rmt$PTY-0003001$rmt$, $rmj${"interaction_log": ["2026-06-23 (meeting): Pitch — accepted USD 10m tranche, 5% drawdown budget, tobacco exclusion.", "2026-05-26 (video): First meeting — discretionary mandate, capital preservation priority."], "open_tasks": [{"task": "Send onboarding document checklist", "due": "2026-06-26", "status": "open"}, {"task": "Issue Investment Policy Statement", "due": "2026-06-26", "status": "open"}], "life_events": ["2019 business sale proceeds (SoW anchor)"], "complaints": []}$rmj$::jsonb) ON CONFLICT (client_id) DO NOTHING;
INSERT INTO history (client_id, data) VALUES ($rmt$CH-PB-0049217$rmt$, $rmj${"interaction_log": ["2026-06-22 (call): Lombard coverage warning — Apple −9.5%; CHF 45k top-up agreed.", "2026-05-29 (meeting): Education mandate variants promised for June review."], "open_tasks": [{"task": "Prepare education mandate variants (2)", "due": "2026-06-25", "status": "open"}, {"task": "ESG vs conventional comparison", "due": "2026-06-25", "status": "open"}], "life_events": ["2021 share sale proceeds onboarding"], "complaints": []}$rmj$::jsonb) ON CONFLICT (client_id) DO NOTHING;
INSERT INTO history (client_id, data) VALUES ($rmt$CH-PB-0061884$rmt$, $rmj${"interaction_log": ["2026-06-22 (meeting): Lombard amber facility review — Lombard facility discussed.", "2026-05-22 (outbound): CHF 1.0m philanthropy grant to Fondation Lavanchy."], "open_tasks": [{"task": "PE med-tech commitment advisory review", "due": "2026-06-29", "status": "open"}, {"task": "Succession governance — Lavanchy Patrimoine SA", "due": "2026-07-15", "status": "open"}], "life_events": [], "complaints": []}$rmj$::jsonb) ON CONFLICT (client_id) DO NOTHING;
INSERT INTO history (client_id, data) VALUES ($rmt$CH-PROS-0118$rmt$, $rmj${"interaction_log": ["2026-05-22 (meeting): Discovery meeting, Lugano."], "open_tasks": [], "life_events": [], "complaints": []}$rmj$::jsonb) ON CONFLICT (client_id) DO NOTHING;
INSERT INTO history (client_id, data) VALUES ($rmt$CH-PROS-0119$rmt$, $rmj${"interaction_log": ["2026-06-20 (email): USD escrow handling agreed — ~USD 4m releases Q4 2026; staged FX conversion, ~50% hedged.", "2026-06-19 (note): Private-markets sleeve scaling discussed (staged fund commitments + co-investments).", "2026-06-18 (email): Zug tax framing — 2024 sale exempt private capital gain; ongoing income/wealth tax mapped.", "2026-06-17 (note): Client flagged the 14% private-markets allocation as light vs his expertise."], "open_tasks": [{"task": "Decide phasing variant (baseline nine-month vs accelerated five-month)", "due": "2026-07-02", "status": "open"}, {"task": "Private-markets shortlist (3–4 funds) — Claire Dubois", "due": "2026-07-02", "status": "open"}, {"task": "Sign IPS amendment; set mandate go-live date", "due": "2026-07-16", "status": "open"}], "life_events": ["DataFlux Systems exit (2024)", "Relocated to Zug, CH (2021)"], "complaints": []}$rmj$::jsonb) ON CONFLICT (client_id) DO NOTHING;
INSERT INTO history (client_id, data) VALUES ($rmt$GB-PB-0072001$rmt$, $rmj${"interaction_log": ["2026-06-26 (note): Q2 rebalancing proposal prepared (REB-2026-Q2-SBR-001) — Magnificent-7 trim to mandate.", "2026-05-20 (review): Quarterly review — flagged single-name drift from strong NVDA / META performance."], "open_tasks": [{"task": "Walk Sophia through the rebalancing proposal (CGT acknowledgement)", "due": "2026-06-30", "status": "open"}, {"task": "Queue Session 1 trims (NVDA / META / MSFT) on approval", "due": "2026-07-01", "status": "open"}], "life_events": [], "complaints": []}$rmj$::jsonb) ON CONFLICT (client_id) DO NOTHING;

CREATE TABLE IF NOT EXISTS entity_ownership (
  client_id TEXT PRIMARY KEY,
  data      JSONB NOT NULL
);
INSERT INTO entity_ownership (client_id, data) VALUES ($rmt$PTY-0002005$rmt$, $rmj${"client_id": "PTY-0002005", "entity_type": "individual", "beneficial_owners": [], "directors": [], "controllers": [], "authorised_signatories": [], "ownership_structure_depth": 0, "note": "Individual prospect."}$rmj$::jsonb) ON CONFLICT (client_id) DO NOTHING;
INSERT INTO entity_ownership (client_id, data) VALUES ($rmt$PTY-0002002$rmt$, $rmj${"client_id": "PTY-0002002", "entity_type": "individual", "beneficial_owners": [], "directors": [], "controllers": [], "authorised_signatories": [], "ownership_structure_depth": 0, "note": "Individual client."}$rmj$::jsonb) ON CONFLICT (client_id) DO NOTHING;
INSERT INTO entity_ownership (client_id, data) VALUES ($rmt$PTY-0003001$rmt$, $rmj${"client_id": "PTY-0003001", "entity_type": "individual", "beneficial_owners": [], "directors": [], "controllers": [], "authorised_signatories": [], "ownership_structure_depth": 0, "note": "Individual prospect."}$rmj$::jsonb) ON CONFLICT (client_id) DO NOTHING;
INSERT INTO entity_ownership (client_id, data) VALUES ($rmt$CH-PB-0049217$rmt$, $rmj${"client_id": "CH-PB-0049217", "entity_type": "individual", "beneficial_owners": [], "directors": [], "controllers": [], "authorised_signatories": [], "ownership_structure_depth": 0, "note": "Individual client."}$rmj$::jsonb) ON CONFLICT (client_id) DO NOTHING;
INSERT INTO entity_ownership (client_id, data) VALUES ($rmt$CH-PB-0061884$rmt$, $rmj${"client_id": "CH-PB-0061884", "entity_type": "individual", "beneficial_owners": [], "directors": [], "controllers": [], "authorised_signatories": [], "ownership_structure_depth": 0, "note": "Individual client."}$rmj$::jsonb) ON CONFLICT (client_id) DO NOTHING;
INSERT INTO entity_ownership (client_id, data) VALUES ($rmt$CH-PROS-0118$rmt$, $rmj${"client_id": "CH-PROS-0118", "entity_type": "individual", "beneficial_owners": [], "directors": [], "controllers": [], "authorised_signatories": [], "ownership_structure_depth": 0, "note": "Individual prospect."}$rmj$::jsonb) ON CONFLICT (client_id) DO NOTHING;

CREATE TABLE IF NOT EXISTS documents_catalog (
  client_id TEXT PRIMARY KEY,
  data      JSONB NOT NULL
);
INSERT INTO documents_catalog (client_id, data) VALUES ($rmt$PTY-0002005$rmt$, $rmj$[{"title": "Client Narrative Brief", "contentId": "cont_rqrgkp83ndzwxlcj30b17qr0", "kind": "DOCX", "open_payload": "{\"contentId\": \"cont_rqrgkp83ndzwxlcj30b17qr0\"}", "file": "00_Client_Narrative_Brief.docx"}, {"title": "Handelsregister Extract MediVista AG", "contentId": "cont_q1w8axz1pl8mnetowvng0rwt", "kind": "PDF", "open_payload": "{\"contentId\": \"cont_q1w8axz1pl8mnetowvng0rwt\"}", "file": "01_Handelsregister_Extract_MediVista_AG.pdf"}, {"title": "Articles of Association Extract MediVista AG", "contentId": "cont_sgi9g1z8si5qhcwwijekmccv", "kind": "PDF", "open_payload": "{\"contentId\": \"cont_sgi9g1z8si5qhcwwijekmccv\"}", "file": "02_Articles_of_Association_Extract_MediVista_AG.pdf"}, {"title": "Share Register MediVista AG", "contentId": "cont_k0pe8t7d2rjeq7b47gda4nvd", "kind": "PDF", "open_payload": "{\"contentId\": \"cont_k0pe8t7d2rjeq7b47gda4nvd\"}", "file": "03_Share_Register_MediVista_AG.pdf"}, {"title": "Employment Agreement and Addenda", "contentId": "cont_fcpqzs7xtscbfcl9e19am98m", "kind": "PDF", "open_payload": "{\"contentId\": \"cont_fcpqzs7xtscbfcl9e19am98m\"}", "file": "04_Employment_Agreement_and_Addenda.pdf"}, {"title": "Dividend Resolutions 2016 2023", "contentId": "cont_t3b7835x5fmc1wzjqdtiak6n", "kind": "PDF", "open_payload": "{\"contentId\": \"cont_t3b7835x5fmc1wzjqdtiak6n\"}", "file": "05_Dividend_Resolutions_2016-2023.pdf"}, {"title": "Share Purchase Agreement Extract 2024", "contentId": "cont_t5pnrxgvn765onjsyxwydzl3", "kind": "PDF", "open_payload": "{\"contentId\": \"cont_t5pnrxgvn765onjsyxwydzl3\"}", "file": "06_Share_Purchase_Agreement_Extract_2024.pdf"}, {"title": "Escrow Release Confirmation 2025", "contentId": "cont_ck3chqj85qko722h613q6zjp", "kind": "PDF", "open_payload": "{\"contentId\": \"cont_ck3chqj85qko722h613q6zjp\"}", "file": "07_Escrow_Release_Confirmation_2025.pdf"}, {"title": "Tax Assessments 2021 2024", "contentId": "cont_o8gsj5bxo7bpr35ique09zms", "kind": "PDF", "open_payload": "{\"contentId\": \"cont_o8gsj5bxo7bpr35ique09zms\"}", "file": "08_Tax_Assessments_2021-2024.pdf"}, {"title": "Property Sale Deed and Settlement Kuesnacht 2022", "contentId": "cont_d5bkv40vgjwt7wcetgscz38e", "kind": "PDF", "open_payload": "{\"contentId\": \"cont_d5bkv40vgjwt7wcetgscz38e\"}", "file": "09_Property_Sale_Deed_and_Settlement_Kuesnacht_2022.pdf"}, {"title": "Erbschein and Estate Settlement 2019", "contentId": "cont_mj5mklns6oqcmc9kwy9wge92", "kind": "PDF", "open_payload": "{\"contentId\": \"cont_mj5mklns6oqcmc9kwy9wge92\"}", "file": "10_Erbschein_and_Estate_Settlement_2019.pdf"}, {"title": "Custody Statement Privatbank Lindengut Apr2026", "contentId": "cont_b2bnkp306j9k8gyam7jwq56v", "kind": "PDF", "open_payload": "{\"contentId\": \"cont_b2bnkp306j9k8gyam7jwq56v\"}", "file": "11_Custody_Statement_Privatbank_Lindengut_Apr2026.pdf"}, {"title": "Bank Reference Letter Privatbank Lindengut", "contentId": "cont_vzkk7g0cvnvfrxs20ec13z8b", "kind": "PDF", "open_payload": "{\"contentId\": \"cont_vzkk7g0cvnvfrxs20ec13z8b\"}", "file": "12_Bank_Reference_Letter_Privatbank_Lindengut.pdf"}, {"title": "CRM Call Report First Meeting 2026 05 19", "contentId": "cont_a5ma3qjtr5f9rq1bhrt6dc0t", "kind": "PDF", "open_payload": "{\"contentId\": \"cont_a5ma3qjtr5f9rq1bhrt6dc0t\"}", "file": "13_CRM_Call_Report_First_Meeting_2026-05-19.pdf"}, {"title": "Teams Meeting Transcript 2026 06 16", "contentId": "cont_m2sgo3sfkrah4z1zy1nkjq1x", "kind": "PDF", "open_payload": "{\"contentId\": \"cont_m2sgo3sfkrah4z1zy1nkjq1x\"}", "file": "14_Teams_Meeting_Transcript_2026-06-16.pdf"}, {"title": "Email Threads RM Prospect", "contentId": "cont_hu5rhg4m34y733loyzj47qrv", "kind": "PDF", "open_payload": "{\"contentId\": \"cont_hu5rhg4m34y733loyzj47qrv\"}", "file": "15_Email_Threads_RM_Prospect.pdf"}, {"title": "Client Profile Katharina Brunner", "contentId": "cont_xlk85cp62jmfxwp22vk49jlw", "kind": "DOCX", "open_payload": "{\"contentId\": \"cont_xlk85cp62jmfxwp22vk49jlw\"}", "file": "Client_Profile_Katharina_Brunner.docx"}, {"title": "RM Introduction Note", "contentId": "cont_uvkt2218a45xsv439n3qrv4v", "kind": "DOCX", "open_payload": "{\"contentId\": \"cont_uvkt2218a45xsv439n3qrv4v\"}", "file": "RM_Introduction_Note.docx"}, {"title": "passport", "contentId": "cont_yniuvm8cokri9ciq53h0oj4a", "kind": "PDF", "open_payload": "{\"contentId\": \"cont_yniuvm8cokri9ciq53h0oj4a\"}", "file": "passport.pdf"}]$rmj$::jsonb) ON CONFLICT (client_id) DO NOTHING;
INSERT INTO documents_catalog (client_id, data) VALUES ($rmt$PTY-0002002$rmt$, $rmj$[{"title": "Client Narrative Brief", "contentId": "cont_drpga9o610x841vk8r1itlux", "kind": "DOCX", "open_payload": "{\"contentId\": \"cont_drpga9o610x841vk8r1itlux\"}", "file": "00_Client_Narrative_Brief.docx"}, {"title": "Passport Sophie Hofer", "contentId": "cont_ed5b806mcfjvl54ih73nuso0", "kind": "PDF", "open_payload": "{\"contentId\": \"cont_ed5b806mcfjvl54ih73nuso0\"}", "file": "01_Passport_Sophie_Hofer.pdf"}, {"title": "Proof of Address Sophie Hofer", "contentId": "cont_ilm3l7i8rhjlifvhr73frvmf", "kind": "PDF", "open_payload": "{\"contentId\": \"cont_ilm3l7i8rhjlifvhr73frvmf\"}", "file": "03_Proof_of_Address_Sophie_Hofer.pdf"}, {"title": "Death Certificate Heinrich Hofer", "contentId": "cont_jxv99pe6nwijelhu63w4u5v5", "kind": "PDF", "open_payload": "{\"contentId\": \"cont_jxv99pe6nwijelhu63w4u5v5\"}", "file": "04_Death_Certificate_Heinrich_Hofer.pdf"}, {"title": "Last Will Testament Heinrich Hofer", "contentId": "cont_t1w3sof2uc2mmch5w5zwsq2e", "kind": "PDF", "open_payload": "{\"contentId\": \"cont_t1w3sof2uc2mmch5w5zwsq2e\"}", "file": "05_Last_Will_Testament_Heinrich_Hofer.pdf"}, {"title": "Erbschein Certificate of Inheritance", "contentId": "cont_i68mv274nbiz0ni2ixl9e85i", "kind": "PDF", "open_payload": "{\"contentId\": \"cont_i68mv274nbiz0ni2ixl9e85i\"}", "file": "06_Erbschein_Certificate_of_Inheritance.pdf"}, {"title": "Inheritance Tax Confirmation Kanton Zurich", "contentId": "cont_bsq99pieh1w86gvtf5a4fxvf", "kind": "PDF", "open_payload": "{\"contentId\": \"cont_bsq99pieh1w86gvtf5a4fxvf\"}", "file": "07_Inheritance_Tax_Confirmation_Kanton_Zurich.pdf"}, {"title": "UBS Account Statement at Death", "contentId": "cont_br08w6ech3sid1jel2chmnrz", "kind": "PDF", "open_payload": "{\"contentId\": \"cont_br08w6ech3sid1jel2chmnrz\"}", "file": "08_UBS_Account_Statement_at_Death.pdf"}, {"title": "UBS Distribution Letter to Heir", "contentId": "cont_dn7e7btzyafuuugr7gwh1evo", "kind": "PDF", "open_payload": "{\"contentId\": \"cont_dn7e7btzyafuuugr7gwh1evo\"}", "file": "09_UBS_Distribution_Letter_to_Heir.pdf"}, {"title": "Father Final Tax Assessment 2024", "contentId": "cont_vmegnvsn8d75360mykayjaaz", "kind": "PDF", "open_payload": "{\"contentId\": \"cont_vmegnvsn8d75360mykayjaaz\"}", "file": "11_Father_Final_Tax_Assessment_2024.pdf"}]$rmj$::jsonb) ON CONFLICT (client_id) DO NOTHING;
INSERT INTO documents_catalog (client_id, data) VALUES ($rmt$PTY-0003001$rmt$, $rmj$[{"title": "First Meeting Call Report", "contentId": "cont_oy6opw4exgkjv558uu2nh4wj", "kind": "DOCX", "open_payload": "{\"contentId\": \"cont_oy6opw4exgkjv558uu2nh4wj\"}", "file": "C-01_First_Meeting_Call_Report.docx"}, {"title": "Lead Origination Referral Record", "contentId": "cont_d9oswmw173we39xxact9g1eb", "kind": "DOCX", "open_payload": "{\"contentId\": \"cont_d9oswmw173we39xxact9g1eb\"}", "file": "C-02_Lead_Origination_Referral_Record.docx"}, {"title": "scheduling RM proposes first meeting", "contentId": "cont_xy4jzoqppknmjxyesz7vwgct", "kind": "EMAIL", "open_payload": "{\"contentId\": \"cont_xy4jzoqppknmjxyesz7vwgct\"}", "file": "C-03a_scheduling_RM_proposes_first_meeting.eml"}, {"title": "scheduling client confirms", "contentId": "cont_n52263g2fmymc3xxyq949cp9", "kind": "EMAIL", "open_payload": "{\"contentId\": \"cont_n52263g2fmymc3xxyq949cp9\"}", "file": "C-03b_scheduling_client_confirms.eml"}, {"title": "scheduling ARM sends invite agenda", "contentId": "cont_z16tsw28x3r5qxrd6usz7emi", "kind": "EMAIL", "open_payload": "{\"contentId\": \"cont_z16tsw28x3r5qxrd6usz7emi\"}", "file": "C-03c_scheduling_ARM_sends_invite_agenda.eml"}, {"title": "scheduling RM proposes pitch meeting", "contentId": "cont_h5qjoxng7ycj40ucu2qdbrwk", "kind": "EMAIL", "open_payload": "{\"contentId\": \"cont_h5qjoxng7ycj40ucu2qdbrwk\"}", "file": "C-03d_scheduling_RM_proposes_pitch_meeting.eml"}, {"title": "client pre meeting questions", "contentId": "cont_ntq1dab999r1z7v78o33cxlj", "kind": "EMAIL", "open_payload": "{\"contentId\": \"cont_ntq1dab999r1z7v78o33cxlj\"}", "file": "C-04_client_pre_meeting_questions.eml"}, {"title": "Teams Pitch Meeting Transcript", "contentId": "cont_b0hwvvpr8rurs6q5fuxdclle", "kind": "DOCX", "open_payload": "{\"contentId\": \"cont_b0hwvvpr8rurs6q5fuxdclle\"}", "file": "C-05_Teams_Pitch_Meeting_Transcript.docx"}, {"title": "Copilot Meeting Summary Actions", "contentId": "cont_p2xij1eujxhxb0r6sjjozc7i", "kind": "DOCX", "open_payload": "{\"contentId\": \"cont_p2xij1eujxhxb0r6sjjozc7i\"}", "file": "C-06_Copilot_Meeting_Summary_Actions.docx"}, {"title": "Calendar Invite Proposal Meeting", "contentId": "cont_yr56w2t6rw7yzttpt8bt7ffd", "kind": "ICS", "open_payload": "{\"contentId\": \"cont_yr56w2t6rw7yzttpt8bt7ffd\"}", "file": "C-07_Calendar_Invite_Proposal_Meeting.ics"}, {"title": "RM Intro Note to Compliance", "contentId": "cont_jn12ssqfpwv1piy7fdm0n2tv", "kind": "DOCX", "open_payload": "{\"contentId\": \"cont_jn12ssqfpwv1piy7fdm0n2tv\"}", "file": "C-08_RM_Intro_Note_to_Compliance.docx"}, {"title": "Ellery Document Comms Inventory", "contentId": "cont_bhjco6nvvt1gqjsuwlnrmp0p", "kind": "XLSX", "open_payload": "{\"contentId\": \"cont_bhjco6nvvt1gqjsuwlnrmp0p\"}", "file": "Ellery_Document_Comms_Inventory.xlsx"}, {"title": "Ellery Prospect Client Profile", "contentId": "cont_obijqzdpdzv4csxlhmrs6lnn", "kind": "DOCX", "open_payload": "{\"contentId\": \"cont_obijqzdpdzv4csxlhmrs6lnn\"}", "file": "Ellery_Prospect_Client_Profile.docx"}, {"title": "Proof of Address Utility Bill", "contentId": "cont_qg3eva274wd33g0jp09b4stj", "kind": "PDF", "open_payload": "{\"contentId\": \"cont_qg3eva274wd33g0jp09b4stj\"}", "file": "I-02_Proof_of_Address_Utility_Bill.pdf"}, {"title": "FATCA CRS Self Certification", "contentId": "cont_rg5c8k88aokwxz9wwih15zvs", "kind": "PDF", "open_payload": "{\"contentId\": \"cont_rg5c8k88aokwxz9wwih15zvs\"}", "file": "I-03_FATCA_CRS_Self_Certification.pdf"}, {"title": "CV Charlotte Ellery", "contentId": "cont_jjlvplraia0qvgul52n7dg9d", "kind": "PDF", "open_payload": "{\"contentId\": \"cont_jjlvplraia0qvgul52n7dg9d\"}", "file": "I-04_CV_Charlotte_Ellery.pdf"}, {"title": "Source of Funds Declaration", "contentId": "cont_h4gift0xpxuh6qhfrgvynj4s", "kind": "PDF", "open_payload": "{\"contentId\": \"cont_h4gift0xpxuh6qhfrgvynj4s\"}", "file": "I-06_Source_of_Funds_Declaration.pdf"}, {"title": "Existing Portfolio Statement", "contentId": "cont_eak77uu8frd8lgcjhs2runlr", "kind": "PDF", "open_payload": "{\"contentId\": \"cont_eak77uu8frd8lgcjhs2runlr\"}", "file": "M-01_Existing_Portfolio_Statement.pdf"}, {"title": "Investment Policy Statement", "contentId": "cont_hc3vxm336ekdbftvz7kd3q9v", "kind": "DOCX", "open_payload": "{\"contentId\": \"cont_hc3vxm336ekdbftvz7kd3q9v\"}", "file": "M-03_Investment_Policy_Statement.docx"}, {"title": "Proposed Allocation Pitch Deck", "contentId": "cont_hgv3le2zl21i8lf6p2ot8led", "kind": "PPTX", "open_payload": "{\"contentId\": \"cont_hgv3le2zl21i8lf6p2ot8led\"}", "file": "M-04_Proposed_Allocation_Pitch_Deck.pptx"}, {"title": "CIO House View", "contentId": "cont_hc9frb8z0l1oufm0x4zvpe1b", "kind": "DOCX", "open_payload": "{\"contentId\": \"cont_hc9frb8z0l1oufm0x4zvpe1b\"}", "file": "M-05_CIO_House_View.docx"}, {"title": "Market Data Snapshot", "contentId": "cont_nxi8oyfnpgnsde98arx3x5va", "kind": "XLSX", "open_payload": "{\"contentId\": \"cont_nxi8oyfnpgnsde98arx3x5va\"}", "file": "M-06_Market_Data_Snapshot.xlsx"}, {"title": "Fee Schedule", "contentId": "cont_c5ubzgkmsfmd49hjhdjmh6a0", "kind": "DOCX", "open_payload": "{\"contentId\": \"cont_c5ubzgkmsfmd49hjhdjmh6a0\"}", "file": "M-07_Fee_Schedule.docx"}, {"title": "Quarterly Performance Report Q3 2026", "contentId": "cont_ljnumgbi3f280lzak8wn8gv6", "kind": "PDF", "open_payload": "{\"contentId\": \"cont_ljnumgbi3f280lzak8wn8gv6\"}", "file": "O-01_Quarterly_Performance_Report_Q3_2026.pdf"}, {"title": "Performance Attribution Q3 2026", "contentId": "cont_igt8m4owum4v07q3r4hgoq96", "kind": "PDF", "open_payload": "{\"contentId\": \"cont_igt8m4owum4v07q3r4hgoq96\"}", "file": "O-02_Performance_Attribution_Q3_2026.pdf"}, {"title": "Corporate Action Notice", "contentId": "cont_pb3ol7ef72zxf8d0gb5i3ugn", "kind": "PDF", "open_payload": "{\"contentId\": \"cont_pb3ol7ef72zxf8d0gb5i3ugn\"}", "file": "O-03_Corporate_Action_Notice.pdf"}, {"title": "MSCI ESG Report Rebalancing", "contentId": "cont_p9ozrzfjwfuhes4btuu0yike", "kind": "PDF", "open_payload": "{\"contentId\": \"cont_p9ozrzfjwfuhes4btuu0yike\"}", "file": "O-04_MSCI_ESG_Report_Rebalancing.pdf"}, {"title": "Market Update Newsletter", "contentId": "cont_avogrxu2ehyuav7l1ldzc3vf", "kind": "PDF", "open_payload": "{\"contentId\": \"cont_avogrxu2ehyuav7l1ldzc3vf\"}", "file": "O-05_Market_Update_Newsletter.pdf"}, {"title": "Periodic KYC Review Checklist", "contentId": "cont_h6f7dhkw6ejt8lay2vqbfnh5", "kind": "DOCX", "open_payload": "{\"contentId\": \"cont_h6f7dhkw6ejt8lay2vqbfnh5\"}", "file": "O-06_Periodic_KYC_Review_Checklist.docx"}, {"title": "Account Remediation Case", "contentId": "cont_s1rjzgy5elxszlk04extqt0l", "kind": "DOCX", "open_payload": "{\"contentId\": \"cont_s1rjzgy5elxszlk04extqt0l\"}", "file": "O-07_Account_Remediation_Case.docx"}, {"title": "Transaction Monitoring Alert", "contentId": "cont_k0oez5q9t8g6ahk33cqoyxjv", "kind": "DOCX", "open_payload": "{\"contentId\": \"cont_k0oez5q9t8g6ahk33cqoyxjv\"}", "file": "O-08_Transaction_Monitoring_Alert.docx"}, {"title": "Quarterly Review Agenda PrepPack", "contentId": "cont_tzfuna7c9uvs4tq44d4y3jy0", "kind": "DOCX", "open_payload": "{\"contentId\": \"cont_tzfuna7c9uvs4tq44d4y3jy0\"}", "file": "O-09_Quarterly_Review_Agenda_PrepPack.docx"}, {"title": "Share Purchase Agreement 2019", "contentId": "cont_k8kmu6xr1an2t8fe13066n5r", "kind": "PDF", "open_payload": "{\"contentId\": \"cont_k8kmu6xr1an2t8fe13066n5r\"}", "file": "S-01_Share_Purchase_Agreement_2019.pdf"}, {"title": "Completion Statement Remittance", "contentId": "cont_p5w3lc53tgcxd683os19ixqs", "kind": "PDF", "open_payload": "{\"contentId\": \"cont_p5w3lc53tgcxd683os19ixqs\"}", "file": "S-02_Completion_Statement_Remittance.pdf"}, {"title": "Companies House Extract", "contentId": "cont_ndgikmdy6o2vilin5bamj07p", "kind": "PDF", "open_payload": "{\"contentId\": \"cont_ndgikmdy6o2vilin5bamj07p\"}", "file": "S-03_Companies_House_Extract.pdf"}, {"title": "Shareholder Register CapTable", "contentId": "cont_yglmdcba61zpos49wbcjj428", "kind": "PDF", "open_payload": "{\"contentId\": \"cont_yglmdcba61zpos49wbcjj428\"}", "file": "S-04_Shareholder_Register_CapTable.pdf"}, {"title": "Dividend Vouchers 2008 2019", "contentId": "cont_e0nce75p2fvqiq8qp366z85j", "kind": "PDF", "open_payload": "{\"contentId\": \"cont_e0nce75p2fvqiq8qp366z85j\"}", "file": "S-05_Dividend_Vouchers_2008_2019.pdf"}, {"title": "Employment Contract and P60s", "contentId": "cont_af11jd2mmiegjymaik1g4y04", "kind": "PDF", "open_payload": "{\"contentId\": \"cont_af11jd2mmiegjymaik1g4y04\"}", "file": "S-06_Employment_Contract_and_P60s.pdf"}, {"title": "SA302 Tax Calculation", "contentId": "cont_ur09o270qcbxvgfqpptsqn01", "kind": "PDF", "open_payload": "{\"contentId\": \"cont_ur09o270qcbxvgfqpptsqn01\"}", "file": "S-07_SA302_Tax_Calculation.pdf"}, {"title": "Probate Will Estate Accounts 2015", "contentId": "cont_ewcwpy40hml5ekv9rc2y2rpj", "kind": "PDF", "open_payload": "{\"contentId\": \"cont_ewcwpy40hml5ekv9rc2y2rpj\"}", "file": "S-08_Probate_Will_Estate_Accounts_2015.pdf"}, {"title": "Ellery Family Settlement Trust", "contentId": "cont_pgz34nhtpuf6cqoya3qxk0iq", "kind": "PDF", "open_payload": "{\"contentId\": \"cont_pgz34nhtpuf6cqoya3qxk0iq\"}", "file": "S-09_Ellery_Family_Settlement_Trust.pdf"}, {"title": "Trade Press Article 2019", "contentId": "cont_ridi5u2qiaghj37dwky6o05l", "kind": "HTML", "open_payload": "{\"contentId\": \"cont_ridi5u2qiaghj37dwky6o05l\"}", "file": "S-10_Trade_Press_Article_2019.html"}, {"title": "passport scan", "contentId": "cont_r98ofiycqb4i263ei7plop11", "kind": "PDF", "open_payload": "{\"contentId\": \"cont_r98ofiycqb4i263ei7plop11\"}", "file": "passport_scan.pdf"}]$rmj$::jsonb) ON CONFLICT (client_id) DO NOTHING;
INSERT INTO documents_catalog (client_id, data) VALUES ($rmt$CH-PB-0049217$rmt$, $rmj$[{"title": "Persona Markus Brunner HNW", "contentId": "cont_h8s0d189j3lz1dgfmwa6ie92", "kind": "DOCX", "open_payload": "{\"contentId\": \"cont_h8s0d189j3lz1dgfmwa6ie92\"}", "file": "Persona_Markus_Brunner_HNW.docx"}, {"title": "Persona Markus Brunner HNW", "contentId": "cont_ej8sf4bpb7wy7ph8mcvbb5n5", "kind": "PDF", "open_payload": "{\"contentId\": \"cont_ej8sf4bpb7wy7ph8mcvbb5n5\"}", "file": "Persona_Markus_Brunner_HNW.pdf"}, {"title": "client dashboard markus", "contentId": "cont_acwgvoxw9wmx4ws9w8dcf7s9", "kind": "HTML", "open_payload": "{\"contentId\": \"cont_acwgvoxw9wmx4ws9w8dcf7s9\"}", "file": "client-dashboard-markus.html"}, {"title": "client dashboard", "contentId": "cont_fyzbr6ix5g4j9c6myfimp92o", "kind": "HTML", "open_payload": "{\"contentId\": \"cont_fyzbr6ix5g4j9c6myfimp92o\"}", "file": "client-dashboard.html"}, {"title": "investment proposal static baseline chrome", "contentId": "cont_hdlsqpkw4h58hvap6ywhibwq", "kind": "PDF", "open_payload": "{\"contentId\": \"cont_hdlsqpkw4h58hvap6ywhibwq\"}", "file": "investment-proposal-static-baseline-chrome.pdf"}, {"title": "investment proposal static cash topup chrome", "contentId": "cont_hubdxhfvsm4maeszmgd13x37", "kind": "PDF", "open_payload": "{\"contentId\": \"cont_hubdxhfvsm4maeszmgd13x37\"}", "file": "investment-proposal-static-cash-topup-chrome.pdf"}, {"title": "investment proposal static partial repay chrome", "contentId": "cont_t2ud7zal33a9r79kxh0zpjec", "kind": "PDF", "open_payload": "{\"contentId\": \"cont_t2ud7zal33a9r79kxh0zpjec\"}", "file": "investment-proposal-static-partial-repay-chrome.pdf"}, {"title": "investment proposal static trim collateral chrome", "contentId": "cont_xa3r8yt8umw1c47hm03ldera", "kind": "PDF", "open_payload": "{\"contentId\": \"cont_xa3r8yt8umw1c47hm03ldera\"}", "file": "investment-proposal-static-trim-collateral-chrome.pdf"}, {"title": "investment proposal static", "contentId": "cont_u65rf9s2zqtqtftqkbzcjv7y", "kind": "HTML", "open_payload": "{\"contentId\": \"cont_u65rf9s2zqtqtftqkbzcjv7y\"}", "file": "investment-proposal-static.html"}, {"title": "investment proposal", "contentId": "cont_g1k3gvml2eo904qtjfen3bxn", "kind": "HTML", "open_payload": "{\"contentId\": \"cont_g1k3gvml2eo904qtjfen3bxn\"}", "file": "investment-proposal.html"}]$rmj$::jsonb) ON CONFLICT (client_id) DO NOTHING;
INSERT INTO documents_catalog (client_id, data) VALUES ($rmt$CH-PB-0061884$rmt$, $rmj$[{"title": "Persona Isabelle Lavanchy Re UHNW", "contentId": "cont_idynlk4lcyteh7xl4qelmmum", "kind": "DOCX", "open_payload": "{\"contentId\": \"cont_idynlk4lcyteh7xl4qelmmum\"}", "file": "Persona_Isabelle_Lavanchy-Re_UHNW.docx"}, {"title": "Persona Isabelle Lavanchy Re UHNW", "contentId": "cont_k2hzvd9oq2d4ux0488mbxqtd", "kind": "PDF", "open_payload": "{\"contentId\": \"cont_k2hzvd9oq2d4ux0488mbxqtd\"}", "file": "Persona_Isabelle_Lavanchy-Re_UHNW.pdf"}]$rmj$::jsonb) ON CONFLICT (client_id) DO NOTHING;
INSERT INTO documents_catalog (client_id, data) VALUES ($rmt$CH-PROS-0118$rmt$, $rmj$[{"title": "Prospect Giulia Moretti Conti UHNW", "contentId": "cont_dwtq30xg68gf2dx9ivug38kg", "kind": "DOCX", "open_payload": "{\"contentId\": \"cont_dwtq30xg68gf2dx9ivug38kg\"}", "file": "Prospect_Giulia_Moretti-Conti_UHNW.docx"}, {"title": "Prospect Giulia Moretti Conti UHNW", "contentId": "cont_pc5npyb4qq89cx3grhsdikk9", "kind": "PDF", "open_payload": "{\"contentId\": \"cont_pc5npyb4qq89cx3grhsdikk9\"}", "file": "Prospect_Giulia_Moretti-Conti_UHNW.pdf"}, {"title": "synthetic prospect Giulia Moretti Conti", "contentId": "cont_z6v2aceyafz4axlwgbdnk1a4", "kind": "JSON", "open_payload": "{\"contentId\": \"cont_z6v2aceyafz4axlwgbdnk1a4\"}", "file": "synthetic_prospect_Giulia_Moretti-Conti.json"}]$rmj$::jsonb) ON CONFLICT (client_id) DO NOTHING;
INSERT INTO documents_catalog (client_id, data) VALUES ($rmt$CH-PROS-0119$rmt$, $rmj$[{"title": "Client Profile Augustus Feng", "contentId": "cont_gyhfs74bu0owitq8atfp77i9", "kind": "DOCX", "open_payload": "{\"contentId\": \"cont_gyhfs74bu0owitq8atfp77i9\"}", "file": "Client_Profile_Augustus_Feng.docx"}, {"title": "Client Profile Augustus Feng", "contentId": "cont_j08b2prlpbld6ctn8q1jp62k", "kind": "PDF", "open_payload": "{\"contentId\": \"cont_j08b2prlpbld6ctn8q1jp62k\"}", "file": "Client_Profile_Augustus_Feng.pdf"}, {"title": "Investment Proposal Augustus Feng", "contentId": "cont_lt4lvopokjrw7fp2clmwfkef", "kind": "DOCX", "open_payload": "{\"contentId\": \"cont_lt4lvopokjrw7fp2clmwfkef\"}", "file": "Investment_Proposal_Augustus_Feng.docx"}]$rmj$::jsonb) ON CONFLICT (client_id) DO NOTHING;
INSERT INTO documents_catalog (client_id, data) VALUES ($rmt$GB-PB-0072001$rmt$, $rmj$[{"title": "Rebalancing Proposal Sophia Brown", "contentId": "cont_o34m9zyhao51p7cq44wljfjp", "kind": "DOCX", "open_payload": "{\"contentId\": \"cont_o34m9zyhao51p7cq44wljfjp\"}", "file": "Rebalancing_Proposal_Sophia_Brown.docx"}]$rmj$::jsonb) ON CONFLICT (client_id) DO NOTHING;

