-- CRM · crm — identity / identifiers / relationship / mandate / history / ownership / docs catalog
-- GENERATED by python/rm_mcps_export/generate_sql.py — do not edit by hand.
-- Idempotent: CREATE TABLE IF NOT EXISTS + INSERT … ON CONFLICT DO NOTHING.

CREATE TABLE IF NOT EXISTS party_identity (
  client_id TEXT PRIMARY KEY,
  data      JSONB NOT NULL
);
INSERT INTO party_identity (client_id, data) VALUES ($rmt$PTY-0002005$rmt$, $rmj${"full_legal_name": "Dr. Katharina Elisabeth Brunner", "aliases": [], "date_of_birth": "1972-03-14", "place_of_birth": "Kellerburg im Breisgau, DE", "gender": "f", "nationalities": ["CH", "DE"], "country_of_residence": "CH", "tax_residences": [{"country": "CH", "tin": null, "note": "Swiss tax resident (Canton Zürich, Zollikon)"}]}$rmj$::jsonb) ON CONFLICT (client_id) DO NOTHING;
INSERT INTO party_identity (client_id, data) VALUES ($rmt$PTY-0002002$rmt$, $rmj${"full_legal_name": "Sophie Margaux Hofer", "aliases": [], "date_of_birth": "1978-04-14", "place_of_birth": "Zürich, CH", "gender": "f", "nationalities": ["CH"], "country_of_residence": "CH", "tax_residences": [{"country": "CH", "tin": "756.0000.0000.00", "note": "Swiss AHV (fictional test value)"}]}$rmj$::jsonb) ON CONFLICT (client_id) DO NOTHING;
INSERT INTO party_identity (client_id, data) VALUES ($rmt$PTY-0003001$rmt$, $rmj${"full_legal_name": "Charlotte Margaret Ellery", "aliases": [], "date_of_birth": "1972-03-14", "place_of_birth": "Harrogate, North Yorkshire, GB", "gender": "f", "nationalities": ["GB"], "country_of_residence": "GB", "tax_residences": [{"country": "GB", "tin": null, "note": "UK tax resident; non-domiciled status under review"}]}$rmj$::jsonb) ON CONFLICT (client_id) DO NOTHING;
INSERT INTO party_identity (client_id, data) VALUES ($rmt$CH-PB-0049217$rmt$, $rmj${"full_legal_name": "Markus Andreas Brunner", "aliases": [], "date_of_birth": "1974-06-08", "place_of_birth": "Zürich, CH", "gender": "m", "nationalities": ["CH"], "country_of_residence": "CH", "tax_residences": [{"country": "CH", "tin": null, "note": "Swiss tax resident (Canton Zug)"}]}$rmj$::jsonb) ON CONFLICT (client_id) DO NOTHING;
INSERT INTO party_identity (client_id, data) VALUES ($rmt$CH-PB-0061884$rmt$, $rmj${"full_legal_name": "Isabelle Margaux Lavanchy-Ré", "aliases": [], "date_of_birth": "1964-11-19", "place_of_birth": "Lausanne, CH", "gender": "f", "nationalities": ["CH", "FR"], "country_of_residence": "CH", "tax_residences": [{"country": "CH", "tin": null, "note": "Primary Swiss tax residence"}, {"country": "FR", "tin": null, "note": "French nationality — CRS monitored"}]}$rmj$::jsonb) ON CONFLICT (client_id) DO NOTHING;
INSERT INTO party_identity (client_id, data) VALUES ($rmt$CH-PROS-0118$rmt$, $rmj${"full_legal_name": "Giulia Moretti-Conti", "aliases": [], "date_of_birth": "1967-03-28", "place_of_birth": "Milan, IT", "gender": "f", "nationalities": ["CH", "IT"], "country_of_residence": "CH", "tax_residences": [{"country": null, "tin": null, "note": "Not yet captured — open thread"}]}$rmj$::jsonb) ON CONFLICT (client_id) DO NOTHING;

CREATE TABLE IF NOT EXISTS identifiers (
  client_id TEXT PRIMARY KEY,
  data      JSONB NOT NULL
);
INSERT INTO identifiers (client_id, data) VALUES ($rmt$PTY-0002005$rmt$, $rmj${"passport": {"no": "X3829467", "ctry": "CH", "type": "Swiss passport"}, "national_id": null, "lei": null, "company_registration": {"no": "CHE-109.482.350", "reg": "Handelsregister ZH — MediVista AG", "note": "Former 35% shareholding; company sold Oct 2024"}, "internal_party_id": "PTY-0002005"}$rmj$::jsonb) ON CONFLICT (client_id) DO NOTHING;
INSERT INTO identifiers (client_id, data) VALUES ($rmt$PTY-0002002$rmt$, $rmj${"passport": {"no": null, "ctry": "CH", "note": "Swiss ID on file"}, "internal_party_id": "PTY-0002002"}$rmj$::jsonb) ON CONFLICT (client_id) DO NOTHING;
INSERT INTO identifiers (client_id, data) VALUES ($rmt$PTY-0003001$rmt$, $rmj${"passport": {"no": null, "ctry": "GB", "note": "UK passport on file (identity folder)"}, "internal_party_id": "PTY-0003001"}$rmj$::jsonb) ON CONFLICT (client_id) DO NOTHING;
INSERT INTO identifiers (client_id, data) VALUES ($rmt$CH-PB-0049217$rmt$, $rmj${"passport": {"no": null, "ctry": "CH", "note": "Swiss passport on file"}, "internal_party_id": "CH-PB-0049217"}$rmj$::jsonb) ON CONFLICT (client_id) DO NOTHING;
INSERT INTO identifiers (client_id, data) VALUES ($rmt$CH-PB-0061884$rmt$, $rmj${"passport": {"no": null, "ctry": "CH", "note": "Swiss passport on file"}, "internal_party_id": "CH-PB-0061884"}$rmj$::jsonb) ON CONFLICT (client_id) DO NOTHING;
INSERT INTO identifiers (client_id, data) VALUES ($rmt$CH-PROS-0118$rmt$, $rmj${"passport": {"no": null, "note": "Not collected — prospect stage"}, "internal_party_id": "CH-PROS-0118"}$rmj$::jsonb) ON CONFLICT (client_id) DO NOTHING;

CREATE TABLE IF NOT EXISTS relationship (
  client_id TEXT PRIMARY KEY,
  data      JSONB NOT NULL
);
INSERT INTO relationship (client_id, data) VALUES ($rmt$PTY-0002005$rmt$, $rmj${"client_vs_prospect": "prospect", "owning_rm_team_booking_centre": {"rm": "stefan.keller", "team": "Domestic CH / Private Clients", "booking_centre": "Zürich"}, "client_segment": "HNW", "referral_source": "Referral by existing client R. Steiner, 2026", "languages": ["de", "en"], "contact": {"address": "Bergstrasse 27, 8702 Zollikon, CH", "preferred_channel": "email"}}$rmj$::jsonb) ON CONFLICT (client_id) DO NOTHING;
INSERT INTO relationship (client_id, data) VALUES ($rmt$PTY-0002002$rmt$, $rmj${"client_vs_prospect": "client", "owning_rm_team_booking_centre": {"rm": "marc.dubois", "team": "Domestic CH / Private Clients", "booking_centre": "Zürich"}, "client_segment": "Affluent", "referral_source": "Inheritance / estate transfer (UBS)", "languages": ["de", "en"], "contact": {"email": "s.hofer@example.ch", "address": "Seefeldstrasse 95, 8008 Zürich, CH", "preferred_channel": "email"}}$rmj$::jsonb) ON CONFLICT (client_id) DO NOTHING;
INSERT INTO relationship (client_id, data) VALUES ($rmt$PTY-0003001$rmt$, $rmj${"client_vs_prospect": "prospect", "owning_rm_team_booking_centre": {"rm": "stefan.keller", "arm": "claire.dubois", "team": "International / UHNW", "booking_centre": "Geneva"}, "client_segment": "UHNW", "referral_source": "Introduced by Margaret Hollis (Hollis & Crane LLP), May 2026", "languages": ["en"], "contact": {"preferred_channel": "email"}}$rmj$::jsonb) ON CONFLICT (client_id) DO NOTHING;
INSERT INTO relationship (client_id, data) VALUES ($rmt$CH-PB-0049217$rmt$, $rmj${"client_vs_prospect": "client", "owning_rm_team_booking_centre": {"rm": "marc.dubois", "team": "Domestic CH / Private Clients", "booking_centre": "Zürich"}, "client_segment": "HNW", "referral_source": "2021 share-sale proceeds onboarding", "languages": ["de", "en"], "contact": {"preferred_channel": "email"}}$rmj$::jsonb) ON CONFLICT (client_id) DO NOTHING;
INSERT INTO relationship (client_id, data) VALUES ($rmt$CH-PB-0061884$rmt$, $rmj${"client_vs_prospect": "client", "owning_rm_team_booking_centre": {"rm": "marc.dubois", "team": "International / UHNW", "booking_centre": "Geneva"}, "client_segment": "UHNW", "referral_source": "Family-office referral, 2017", "languages": ["fr", "en", "de"], "contact": {"preferred_channel": "email"}}$rmj$::jsonb) ON CONFLICT (client_id) DO NOTHING;
INSERT INTO relationship (client_id, data) VALUES ($rmt$CH-PROS-0118$rmt$, $rmj${"client_vs_prospect": "prospect", "owning_rm_team_booking_centre": {"rm": "stefan.keller", "specialist": "claire.dubois", "team": "International / UHNW", "booking_centre": "Zürich"}, "client_segment": "UHNW", "referral_source": "Lugano wealth-planning forum; lawyer warm intro", "languages": ["it", "en", "fr"], "contact": {"preferred_channel": "via client's lawyer (nominated primary contact)", "note": "Route all correspondence through her lawyer; no direct client outreach without RM clearance."}}$rmj$::jsonb) ON CONFLICT (client_id) DO NOTHING;

CREATE TABLE IF NOT EXISTS mandate (
  client_id TEXT PRIMARY KEY,
  data      JSONB NOT NULL
);
INSERT INTO mandate (client_id, data) VALUES ($rmt$PTY-0002005$rmt$, $rmj${"mandate_type": "none yet (prospect) — proposed discretionary mandate, CHF 10,000,000", "investment_objective": "stable growth / capital preservation", "risk_profile": "balanced-conservative; client-stipulated max drawdown 5%", "investment_horizon_liquidity": "long-term; retain ~CHF 0.5m at Privatbank Lindengut for liquidity", "constraints_exclusions": ["max drawdown 5%", "no leverage", "prefers quality bonds / dividend equities"], "reference_currency": "CHF"}$rmj$::jsonb) ON CONFLICT (client_id) DO NOTHING;
INSERT INTO mandate (client_id, data) VALUES ($rmt$PTY-0002002$rmt$, $rmj${"mandate_type": "advisory", "investment_objective": "preservation", "risk_profile": "conservative (2/7)", "investment_horizon_liquidity": "Long-term; near-term liquidity bucket for children's education", "constraints_exclusions": ["no complex/structured products", "no leverage"], "reference_currency": "CHF", "fee_schedule": {"model": "AUM", "bps": 60}}$rmj$::jsonb) ON CONFLICT (client_id) DO NOTHING;
INSERT INTO mandate (client_id, data) VALUES ($rmt$PTY-0003001$rmt$, $rmj${"mandate_type": "proposed discretionary, USD 10,000,000 initial tranche", "investment_objective": "stable real growth with capital preservation priority", "risk_profile": "conservative; binding 5% peak-to-trough drawdown budget", "investment_horizon_liquidity": "≥10 years; high liquidity for opportunistic deployment", "constraints_exclusions": ["tobacco excluded", "no illiquid lock-ups without consent"], "reference_currency": "GBP"}$rmj$::jsonb) ON CONFLICT (client_id) DO NOTHING;
INSERT INTO mandate (client_id, data) VALUES ($rmt$CH-PB-0049217$rmt$, $rmj${"mandate_type": "discretionary", "investment_objective": "preserve and modestly grow", "risk_profile": "balanced (4/6)", "investment_horizon_liquidity": "8–10 years core; 5–8 years education sub-mandate (planned)", "constraints_exclusions": ["no concentration", "retain Swiss names", "hold physical gold"], "reference_currency": "CHF", "fee_schedule": {"model": "AUM", "bps": 75}}$rmj$::jsonb) ON CONFLICT (client_id) DO NOTHING;
INSERT INTO mandate (client_id, data) VALUES ($rmt$CH-PB-0061884$rmt$, $rmj${"mandate_type": "discretionary (Mandate 1) + advisory alternatives (Mandate 2)", "investment_objective": "preserve and transmit multi-generational wealth", "risk_profile": "growth (5/6)", "investment_horizon_liquidity": "15+ years", "constraints_exclusions": ["approved-shelf only for alternatives", "no US person status"], "reference_currency": "CHF", "fee_schedule": {"model": "AUM", "bps": 55}}$rmj$::jsonb) ON CONFLICT (client_id) DO NOTHING;
INSERT INTO mandate (client_id, data) VALUES ($rmt$CH-PROS-0118$rmt$, $rmj${"mandate_type": null, "investment_objective": null, "risk_profile": null, "reference_currency": "CHF"}$rmj$::jsonb) ON CONFLICT (client_id) DO NOTHING;

CREATE TABLE IF NOT EXISTS history (
  client_id TEXT PRIMARY KEY,
  data      JSONB NOT NULL
);
INSERT INTO history (client_id, data) VALUES ($rmt$PTY-0002005$rmt$, $rmj${"interaction_log": ["2026-06-16 (Teams): Pitch meeting — Conservative CHF Composite, 5% drawdown ceiling re-affirmed.", "2026-05-19 (meeting): First prospect meeting, Zurich. Indicative CHF 10m discretionary mandate."], "open_tasks": [{"task": "Complete KYC / name-screening", "due": "2026-06-30", "status": "open"}, {"task": "Send tailored Q&A pack (drawdown mechanics)", "due": "2026-06-28", "status": "open"}], "life_events": ["MediVista AG exit (Oct 2024)", "Küsnacht property sale (Feb 2022)"], "complaints": []}$rmj$::jsonb) ON CONFLICT (client_id) DO NOTHING;
INSERT INTO history (client_id, data) VALUES ($rmt$PTY-0002002$rmt$, $rmj${"interaction_log": ["2026-05-12 (meeting): Onboarding — CHF 3.21M inheritance, very risk-averse.", "2026-04-28 (call): KYC/SoW documentation review — all complete."], "open_tasks": [{"task": "Prepare initial conservative investment proposal", "due": "2026-06-05", "status": "overdue"}, {"task": "Define liquidity bucket for children's education", "due": "2026-06-15", "status": "open"}], "life_events": ["Father Dr. Heinrich Hofer died (2025-11-12)", "Onboarded (2026-05)"], "complaints": []}$rmj$::jsonb) ON CONFLICT (client_id) DO NOTHING;
INSERT INTO history (client_id, data) VALUES ($rmt$PTY-0003001$rmt$, $rmj${"interaction_log": ["2026-06-23 (meeting): Pitch — accepted USD 10m tranche, 5% drawdown budget, tobacco exclusion.", "2026-05-26 (video): First meeting — discretionary mandate, capital preservation priority."], "open_tasks": [{"task": "Send onboarding document checklist", "due": "2026-06-26", "status": "open"}, {"task": "Issue Investment Policy Statement", "due": "2026-06-26", "status": "open"}], "life_events": ["2019 business sale proceeds (SoW anchor)"], "complaints": []}$rmj$::jsonb) ON CONFLICT (client_id) DO NOTHING;
INSERT INTO history (client_id, data) VALUES ($rmt$CH-PB-0049217$rmt$, $rmj${"interaction_log": ["2026-06-22 (call): Lombard coverage warning — Apple −9.5%; CHF 45k top-up agreed.", "2026-05-29 (meeting): Education mandate variants promised for June review."], "open_tasks": [{"task": "Prepare education mandate variants (2)", "due": "2026-06-25", "status": "open"}, {"task": "ESG vs conventional comparison", "due": "2026-06-25", "status": "open"}], "life_events": ["2021 share sale proceeds onboarding"], "complaints": []}$rmj$::jsonb) ON CONFLICT (client_id) DO NOTHING;
INSERT INTO history (client_id, data) VALUES ($rmt$CH-PB-0061884$rmt$, $rmj${"interaction_log": ["2026-06-22 (meeting): Lombard amber facility review — Lombard facility discussed.", "2026-05-22 (outbound): CHF 1.0m philanthropy grant to Fondation Lavanchy."], "open_tasks": [{"task": "PE med-tech commitment advisory review", "due": "2026-06-29", "status": "open"}, {"task": "Succession governance — Lavanchy Patrimoine SA", "due": "2026-07-15", "status": "open"}], "life_events": [], "complaints": []}$rmj$::jsonb) ON CONFLICT (client_id) DO NOTHING;
INSERT INTO history (client_id, data) VALUES ($rmt$CH-PROS-0118$rmt$, $rmj${"interaction_log": ["2026-05-22 (meeting): Discovery meeting, Lugano."], "open_tasks": [], "life_events": [], "complaints": []}$rmj$::jsonb) ON CONFLICT (client_id) DO NOTHING;

CREATE TABLE IF NOT EXISTS entity_ownership (
  client_id TEXT PRIMARY KEY,
  data      JSONB NOT NULL
);
INSERT INTO entity_ownership (client_id, data) VALUES ($rmt$PTY-0002005$rmt$, $rmj${"client_id": "PTY-0002005", "entity_type": "individual", "beneficial_owners": [], "directors": [], "controllers": [], "authorised_signatories": [], "ownership_structure_depth": 0, "note": "Individual prospect."}$rmj$::jsonb) ON CONFLICT (client_id) DO NOTHING;
INSERT INTO entity_ownership (client_id, data) VALUES ($rmt$PTY-0002002$rmt$, $rmj${"client_id": "PTY-0002002", "entity_type": "individual", "beneficial_owners": [], "directors": [], "controllers": [], "authorised_signatories": [], "ownership_structure_depth": 0, "note": "Individual client."}$rmj$::jsonb) ON CONFLICT (client_id) DO NOTHING;
INSERT INTO entity_ownership (client_id, data) VALUES ($rmt$PTY-0003001$rmt$, $rmj${"client_id": "PTY-0003001", "entity_type": "individual", "beneficial_owners": [], "directors": [], "controllers": [], "authorised_signatories": [], "ownership_structure_depth": 0, "note": "Individual prospect."}$rmj$::jsonb) ON CONFLICT (client_id) DO NOTHING;
INSERT INTO entity_ownership (client_id, data) VALUES ($rmt$CH-PB-0049217$rmt$, $rmj${"client_id": "CH-PB-0049217", "entity_type": "individual", "beneficial_owners": [], "directors": [], "controllers": [], "authorised_signatories": [], "ownership_structure_depth": 0, "note": "Individual client."}$rmj$::jsonb) ON CONFLICT (client_id) DO NOTHING;
INSERT INTO entity_ownership (client_id, data) VALUES ($rmt$CH-PB-0061884$rmt$, $rmj${"client_id": "CH-PB-0061884", "entity_type": "individual", "beneficial_owners": [], "directors": [], "controllers": [], "authorised_signatories": [], "ownership_structure_depth": 0, "note": "Individual client."}$rmj$::jsonb) ON CONFLICT (client_id) DO NOTHING;
INSERT INTO entity_ownership (client_id, data) VALUES ($rmt$CH-PROS-0118$rmt$, $rmj${"client_id": "CH-PROS-0118", "entity_type": "individual", "beneficial_owners": [], "directors": [], "controllers": [], "authorised_signatories": [], "ownership_structure_depth": 0, "note": "Individual prospect."}$rmj$::jsonb) ON CONFLICT (client_id) DO NOTHING;

CREATE TABLE IF NOT EXISTS documents_catalog (
  client_id TEXT PRIMARY KEY,
  data      JSONB NOT NULL
);
INSERT INTO documents_catalog (client_id, data) VALUES ($rmt$PTY-0002005$rmt$, $rmj$[{"title": "Client Narrative Brief", "contentId": "cont_sqwlmzwpk6xq8202ppashvzp", "kind": "DOCX", "open_payload": "{\"contentId\": \"cont_sqwlmzwpk6xq8202ppashvzp\"}", "file": "00_Client_Narrative_Brief.docx"}, {"title": "Handelsregister Extract MediVista AG", "contentId": "cont_fnm39st4bmryr03z6av69gvl", "kind": "PDF", "open_payload": "{\"contentId\": \"cont_fnm39st4bmryr03z6av69gvl\"}", "file": "01_Handelsregister_Extract_MediVista_AG.pdf"}, {"title": "Articles of Association Extract MediVista AG", "contentId": "cont_msvzyrtgn1d7x1o53t142fsn", "kind": "PDF", "open_payload": "{\"contentId\": \"cont_msvzyrtgn1d7x1o53t142fsn\"}", "file": "02_Articles_of_Association_Extract_MediVista_AG.pdf"}, {"title": "Share Register MediVista AG", "contentId": "cont_nfpwmbzabru3vqp4d8jabexm", "kind": "PDF", "open_payload": "{\"contentId\": \"cont_nfpwmbzabru3vqp4d8jabexm\"}", "file": "03_Share_Register_MediVista_AG.pdf"}, {"title": "Employment Agreement and Addenda", "contentId": "cont_v5puouiufyqs40e9lvnvejms", "kind": "PDF", "open_payload": "{\"contentId\": \"cont_v5puouiufyqs40e9lvnvejms\"}", "file": "04_Employment_Agreement_and_Addenda.pdf"}, {"title": "Dividend Resolutions 2016 2023", "contentId": "cont_x4qe3odhsni4j9gwjxbx51ih", "kind": "PDF", "open_payload": "{\"contentId\": \"cont_x4qe3odhsni4j9gwjxbx51ih\"}", "file": "05_Dividend_Resolutions_2016-2023.pdf"}, {"title": "Share Purchase Agreement Extract 2024", "contentId": "cont_kamnja9i3g3bufga28dl9w0m", "kind": "PDF", "open_payload": "{\"contentId\": \"cont_kamnja9i3g3bufga28dl9w0m\"}", "file": "06_Share_Purchase_Agreement_Extract_2024.pdf"}, {"title": "Escrow Release Confirmation 2025", "contentId": "cont_es2indx0o668xurcqp2lz034", "kind": "PDF", "open_payload": "{\"contentId\": \"cont_es2indx0o668xurcqp2lz034\"}", "file": "07_Escrow_Release_Confirmation_2025.pdf"}, {"title": "Tax Assessments 2021 2024", "contentId": "cont_unq8y6p3p5a5rv6cop6igq71", "kind": "PDF", "open_payload": "{\"contentId\": \"cont_unq8y6p3p5a5rv6cop6igq71\"}", "file": "08_Tax_Assessments_2021-2024.pdf"}, {"title": "Property Sale Deed and Settlement Kuesnacht 2022", "contentId": "cont_xwipjldo3ptxwrdhgnxtvejb", "kind": "PDF", "open_payload": "{\"contentId\": \"cont_xwipjldo3ptxwrdhgnxtvejb\"}", "file": "09_Property_Sale_Deed_and_Settlement_Kuesnacht_2022.pdf"}, {"title": "Erbschein and Estate Settlement 2019", "contentId": "cont_thcfvp06b48ghniyk0btb73v", "kind": "PDF", "open_payload": "{\"contentId\": \"cont_thcfvp06b48ghniyk0btb73v\"}", "file": "10_Erbschein_and_Estate_Settlement_2019.pdf"}, {"title": "Custody Statement Privatbank Lindengut Apr2026", "contentId": "cont_qqg8pd8gl4451ol120lq8qy4", "kind": "PDF", "open_payload": "{\"contentId\": \"cont_qqg8pd8gl4451ol120lq8qy4\"}", "file": "11_Custody_Statement_Privatbank_Lindengut_Apr2026.pdf"}, {"title": "Bank Reference Letter Privatbank Lindengut", "contentId": "cont_szxs6meeth4tqdiq04uqh45v", "kind": "PDF", "open_payload": "{\"contentId\": \"cont_szxs6meeth4tqdiq04uqh45v\"}", "file": "12_Bank_Reference_Letter_Privatbank_Lindengut.pdf"}, {"title": "CRM Call Report First Meeting 2026 05 19", "contentId": "cont_ucxuo7tca7rwsal43uk9e0g8", "kind": "PDF", "open_payload": "{\"contentId\": \"cont_ucxuo7tca7rwsal43uk9e0g8\"}", "file": "13_CRM_Call_Report_First_Meeting_2026-05-19.pdf"}, {"title": "Teams Meeting Transcript 2026 06 16", "contentId": "cont_ka05fivje635s7tvpc6n457b", "kind": "PDF", "open_payload": "{\"contentId\": \"cont_ka05fivje635s7tvpc6n457b\"}", "file": "14_Teams_Meeting_Transcript_2026-06-16.pdf"}, {"title": "Email Threads RM Prospect", "contentId": "cont_ua0f91puuf646cdhhg4lxt86", "kind": "PDF", "open_payload": "{\"contentId\": \"cont_ua0f91puuf646cdhhg4lxt86\"}", "file": "15_Email_Threads_RM_Prospect.pdf"}, {"title": "Client Profile Katharina Brunner", "contentId": "cont_j5l5407ns8lbwxcic27ft4so", "kind": "DOCX", "open_payload": "{\"contentId\": \"cont_j5l5407ns8lbwxcic27ft4so\"}", "file": "Client_Profile_Katharina_Brunner.docx"}, {"title": "RM Introduction Note", "contentId": "cont_ubiew4z5i4b7bbf84ch8fdxm", "kind": "DOCX", "open_payload": "{\"contentId\": \"cont_ubiew4z5i4b7bbf84ch8fdxm\"}", "file": "RM_Introduction_Note.docx"}, {"title": "passport", "contentId": "cont_ougm6d0or06z7xjukktb4wtc", "kind": "PDF", "open_payload": "{\"contentId\": \"cont_ougm6d0or06z7xjukktb4wtc\"}", "file": "passport.pdf"}]$rmj$::jsonb) ON CONFLICT (client_id) DO NOTHING;
INSERT INTO documents_catalog (client_id, data) VALUES ($rmt$PTY-0002002$rmt$, $rmj$[{"title": "Client Narrative Brief", "contentId": "cont_olfrlx7pntrb97ud6fja096j", "kind": "DOCX", "open_payload": "{\"contentId\": \"cont_olfrlx7pntrb97ud6fja096j\"}", "file": "00_Client_Narrative_Brief.docx"}, {"title": "passport", "contentId": "cont_x6hggid6qwi1exmbpyc6bwkh", "kind": "PDF", "open_payload": "{\"contentId\": \"cont_x6hggid6qwi1exmbpyc6bwkh\"}", "file": "01_passport.pdf"}, {"title": "Sophie Hofer Proof of Address", "contentId": "cont_be1jvy0aslsnsak2ju72v846", "kind": "PDF", "open_payload": "{\"contentId\": \"cont_be1jvy0aslsnsak2ju72v846\"}", "file": "03_Sophie_Hofer_Proof_of_Address.pdf"}, {"title": "Death Certificate Heinrich Hofer", "contentId": "cont_e2cm9na4o3poe73lzsxw4yyx", "kind": "PDF", "open_payload": "{\"contentId\": \"cont_e2cm9na4o3poe73lzsxw4yyx\"}", "file": "04_Death_Certificate_Heinrich_Hofer.pdf"}, {"title": "Last Will Testament Heinrich Hofer", "contentId": "cont_ud1g0xa4dmzs5ba5fnjbj0rb", "kind": "PDF", "open_payload": "{\"contentId\": \"cont_ud1g0xa4dmzs5ba5fnjbj0rb\"}", "file": "05_Last_Will_Testament_Heinrich_Hofer.pdf"}, {"title": "Erbschein Certificate of Inheritance", "contentId": "cont_hryr1789rnh02oixweei6sp9", "kind": "PDF", "open_payload": "{\"contentId\": \"cont_hryr1789rnh02oixweei6sp9\"}", "file": "06_Erbschein_Certificate_of_Inheritance.pdf"}, {"title": "Inheritance Tax Confirmation Kanton Zurich", "contentId": "cont_pk4tjv8vb69hd1mk8y5g5twc", "kind": "PDF", "open_payload": "{\"contentId\": \"cont_pk4tjv8vb69hd1mk8y5g5twc\"}", "file": "07_Inheritance_Tax_Confirmation_Kanton_Zurich.pdf"}, {"title": "UBS Account Statement at Death", "contentId": "cont_l4asc7v0liis692vgc5ynhpz", "kind": "PDF", "open_payload": "{\"contentId\": \"cont_l4asc7v0liis692vgc5ynhpz\"}", "file": "08_UBS_Account_Statement_at_Death.pdf"}, {"title": "UBS Distribution Letter to Heir", "contentId": "cont_ha20ofji9w8vkjkcqnxf07gr", "kind": "PDF", "open_payload": "{\"contentId\": \"cont_ha20ofji9w8vkjkcqnxf07gr\"}", "file": "09_UBS_Distribution_Letter_to_Heir.pdf"}, {"title": "Father Final Tax Assessment 2024", "contentId": "cont_htd9uapsqwu1vblmi45brxjz", "kind": "PDF", "open_payload": "{\"contentId\": \"cont_htd9uapsqwu1vblmi45brxjz\"}", "file": "11_Father_Final_Tax_Assessment_2024.pdf"}]$rmj$::jsonb) ON CONFLICT (client_id) DO NOTHING;
INSERT INTO documents_catalog (client_id, data) VALUES ($rmt$PTY-0003001$rmt$, $rmj$[{"title": "First Meeting Call Report", "contentId": "cont_y8toau7c5513455qxefi9qln", "kind": "DOCX", "open_payload": "{\"contentId\": \"cont_y8toau7c5513455qxefi9qln\"}", "file": "C-01_First_Meeting_Call_Report.docx"}, {"title": "Lead Origination Referral Record", "contentId": "cont_o509qq958wvychji36czhin7", "kind": "DOCX", "open_payload": "{\"contentId\": \"cont_o509qq958wvychji36czhin7\"}", "file": "C-02_Lead_Origination_Referral_Record.docx"}, {"title": "scheduling RM proposes first meeting", "contentId": "cont_ftmatizwln90cl9968gzzaly", "kind": "EMAIL", "open_payload": "{\"contentId\": \"cont_ftmatizwln90cl9968gzzaly\"}", "file": "C-03a_scheduling_RM_proposes_first_meeting.eml"}, {"title": "scheduling client confirms", "contentId": "cont_teh7jpf2qnjl0xw4q4tbo0of", "kind": "EMAIL", "open_payload": "{\"contentId\": \"cont_teh7jpf2qnjl0xw4q4tbo0of\"}", "file": "C-03b_scheduling_client_confirms.eml"}, {"title": "scheduling ARM sends invite agenda", "contentId": "cont_vyyf17g00xpw9bix0baw6ne0", "kind": "EMAIL", "open_payload": "{\"contentId\": \"cont_vyyf17g00xpw9bix0baw6ne0\"}", "file": "C-03c_scheduling_ARM_sends_invite_agenda.eml"}, {"title": "scheduling RM proposes pitch meeting", "contentId": "cont_dqp6betlk0fd5f4xvh0p6juu", "kind": "EMAIL", "open_payload": "{\"contentId\": \"cont_dqp6betlk0fd5f4xvh0p6juu\"}", "file": "C-03d_scheduling_RM_proposes_pitch_meeting.eml"}, {"title": "client pre meeting questions", "contentId": "cont_d81lbkao8n8z31jbu7kzdcwi", "kind": "EMAIL", "open_payload": "{\"contentId\": \"cont_d81lbkao8n8z31jbu7kzdcwi\"}", "file": "C-04_client_pre_meeting_questions.eml"}, {"title": "Teams Pitch Meeting Transcript", "contentId": "cont_chbxdq05me8gabzhcf7myqki", "kind": "DOCX", "open_payload": "{\"contentId\": \"cont_chbxdq05me8gabzhcf7myqki\"}", "file": "C-05_Teams_Pitch_Meeting_Transcript.docx"}, {"title": "Copilot Meeting Summary Actions", "contentId": "cont_x7rzndgt6dke0yb9qgpllv9l", "kind": "DOCX", "open_payload": "{\"contentId\": \"cont_x7rzndgt6dke0yb9qgpllv9l\"}", "file": "C-06_Copilot_Meeting_Summary_Actions.docx"}, {"title": "Calendar Invite Proposal Meeting", "contentId": "cont_h12g33bev48yvh5dft4phkqq", "kind": "ICS", "open_payload": "{\"contentId\": \"cont_h12g33bev48yvh5dft4phkqq\"}", "file": "C-07_Calendar_Invite_Proposal_Meeting.ics"}, {"title": "RM Intro Note to Compliance", "contentId": "cont_gp0nj7jg552xsutmyclo3wiz", "kind": "DOCX", "open_payload": "{\"contentId\": \"cont_gp0nj7jg552xsutmyclo3wiz\"}", "file": "C-08_RM_Intro_Note_to_Compliance.docx"}, {"title": "Ellery Document Comms Inventory", "contentId": "cont_cngchqq4dp83q5nevpjrnp06", "kind": "XLSX", "open_payload": "{\"contentId\": \"cont_cngchqq4dp83q5nevpjrnp06\"}", "file": "Ellery_Document_Comms_Inventory.xlsx"}, {"title": "Ellery Prospect Client Profile", "contentId": "cont_kjkqkk4n7trvdt2nif34g3b2", "kind": "DOCX", "open_payload": "{\"contentId\": \"cont_kjkqkk4n7trvdt2nif34g3b2\"}", "file": "Ellery_Prospect_Client_Profile.docx"}, {"title": "Proof of Address Utility Bill", "contentId": "cont_rwjnxf5rmihu7rahs2dwxn1b", "kind": "PDF", "open_payload": "{\"contentId\": \"cont_rwjnxf5rmihu7rahs2dwxn1b\"}", "file": "I-02_Proof_of_Address_Utility_Bill.pdf"}, {"title": "FATCA CRS Self Certification", "contentId": "cont_be0yk71uww4j9z348gbkncol", "kind": "PDF", "open_payload": "{\"contentId\": \"cont_be0yk71uww4j9z348gbkncol\"}", "file": "I-03_FATCA_CRS_Self_Certification.pdf"}, {"title": "CV Charlotte Ellery", "contentId": "cont_n5w6sej10gr6jk9k9v7zczes", "kind": "PDF", "open_payload": "{\"contentId\": \"cont_n5w6sej10gr6jk9k9v7zczes\"}", "file": "I-04_CV_Charlotte_Ellery.pdf"}, {"title": "Source of Funds Declaration", "contentId": "cont_zhyxxa2qc8qlq3cn3oaxt2zi", "kind": "PDF", "open_payload": "{\"contentId\": \"cont_zhyxxa2qc8qlq3cn3oaxt2zi\"}", "file": "I-06_Source_of_Funds_Declaration.pdf"}, {"title": "Existing Portfolio Statement", "contentId": "cont_m4qmg814i66104syphueth87", "kind": "PDF", "open_payload": "{\"contentId\": \"cont_m4qmg814i66104syphueth87\"}", "file": "M-01_Existing_Portfolio_Statement.pdf"}, {"title": "Investment Policy Statement", "contentId": "cont_if13lcxdob07jeby58cea7ho", "kind": "DOCX", "open_payload": "{\"contentId\": \"cont_if13lcxdob07jeby58cea7ho\"}", "file": "M-03_Investment_Policy_Statement.docx"}, {"title": "Proposed Allocation Pitch Deck", "contentId": "cont_ms5es9os0ytlsb70o27ei7o6", "kind": "PPTX", "open_payload": "{\"contentId\": \"cont_ms5es9os0ytlsb70o27ei7o6\"}", "file": "M-04_Proposed_Allocation_Pitch_Deck.pptx"}, {"title": "CIO House View", "contentId": "cont_l17j27vnon2h0bzad9x2fes1", "kind": "DOCX", "open_payload": "{\"contentId\": \"cont_l17j27vnon2h0bzad9x2fes1\"}", "file": "M-05_CIO_House_View.docx"}, {"title": "Market Data Snapshot", "contentId": "cont_nd5cxipyyritgg9jgptzz9vl", "kind": "XLSX", "open_payload": "{\"contentId\": \"cont_nd5cxipyyritgg9jgptzz9vl\"}", "file": "M-06_Market_Data_Snapshot.xlsx"}, {"title": "Fee Schedule", "contentId": "cont_urd6kytn27qvx0pbdr0m9kl9", "kind": "DOCX", "open_payload": "{\"contentId\": \"cont_urd6kytn27qvx0pbdr0m9kl9\"}", "file": "M-07_Fee_Schedule.docx"}, {"title": "Quarterly Performance Report Q3 2026", "contentId": "cont_k54deid465y0wq3u20a49wzm", "kind": "PDF", "open_payload": "{\"contentId\": \"cont_k54deid465y0wq3u20a49wzm\"}", "file": "O-01_Quarterly_Performance_Report_Q3_2026.pdf"}, {"title": "Performance Attribution Q3 2026", "contentId": "cont_o93877ztzezjn4ljh9k9u5az", "kind": "PDF", "open_payload": "{\"contentId\": \"cont_o93877ztzezjn4ljh9k9u5az\"}", "file": "O-02_Performance_Attribution_Q3_2026.pdf"}, {"title": "Corporate Action Notice", "contentId": "cont_hrx6cluzwjcc3d9r5lkww7so", "kind": "PDF", "open_payload": "{\"contentId\": \"cont_hrx6cluzwjcc3d9r5lkww7so\"}", "file": "O-03_Corporate_Action_Notice.pdf"}, {"title": "MSCI ESG Report Rebalancing", "contentId": "cont_d8e4eph9v7kzo0ppx23rqm14", "kind": "PDF", "open_payload": "{\"contentId\": \"cont_d8e4eph9v7kzo0ppx23rqm14\"}", "file": "O-04_MSCI_ESG_Report_Rebalancing.pdf"}, {"title": "Market Update Newsletter", "contentId": "cont_brakxmqunt76rbsiropn7g79", "kind": "PDF", "open_payload": "{\"contentId\": \"cont_brakxmqunt76rbsiropn7g79\"}", "file": "O-05_Market_Update_Newsletter.pdf"}, {"title": "Periodic KYC Review Checklist", "contentId": "cont_q13rxhshiu3bf0ev9liiyb8y", "kind": "DOCX", "open_payload": "{\"contentId\": \"cont_q13rxhshiu3bf0ev9liiyb8y\"}", "file": "O-06_Periodic_KYC_Review_Checklist.docx"}, {"title": "Account Remediation Case", "contentId": "cont_eiesf24kbp7nvawor1n41ycp", "kind": "DOCX", "open_payload": "{\"contentId\": \"cont_eiesf24kbp7nvawor1n41ycp\"}", "file": "O-07_Account_Remediation_Case.docx"}, {"title": "Transaction Monitoring Alert", "contentId": "cont_xcwla2e0w8joyg2ykszkr4qj", "kind": "DOCX", "open_payload": "{\"contentId\": \"cont_xcwla2e0w8joyg2ykszkr4qj\"}", "file": "O-08_Transaction_Monitoring_Alert.docx"}, {"title": "Quarterly Review Agenda PrepPack", "contentId": "cont_v3desjw5t2fqqc39g6zcucu3", "kind": "DOCX", "open_payload": "{\"contentId\": \"cont_v3desjw5t2fqqc39g6zcucu3\"}", "file": "O-09_Quarterly_Review_Agenda_PrepPack.docx"}, {"title": "Share Purchase Agreement 2019", "contentId": "cont_bkl81nvulwwo2jr7hcjujr2l", "kind": "PDF", "open_payload": "{\"contentId\": \"cont_bkl81nvulwwo2jr7hcjujr2l\"}", "file": "S-01_Share_Purchase_Agreement_2019.pdf"}, {"title": "Completion Statement Remittance", "contentId": "cont_qbbbt2cznhbrrzk0nonm4xwk", "kind": "PDF", "open_payload": "{\"contentId\": \"cont_qbbbt2cznhbrrzk0nonm4xwk\"}", "file": "S-02_Completion_Statement_Remittance.pdf"}, {"title": "Companies House Extract", "contentId": "cont_z2vpkg8nafgfbh8z2nqt87va", "kind": "PDF", "open_payload": "{\"contentId\": \"cont_z2vpkg8nafgfbh8z2nqt87va\"}", "file": "S-03_Companies_House_Extract.pdf"}, {"title": "Shareholder Register CapTable", "contentId": "cont_hnws8ovy3wi1exa4ujw7ob87", "kind": "PDF", "open_payload": "{\"contentId\": \"cont_hnws8ovy3wi1exa4ujw7ob87\"}", "file": "S-04_Shareholder_Register_CapTable.pdf"}, {"title": "Dividend Vouchers 2008 2019", "contentId": "cont_xutonqh4irtj7e28mls6gqoa", "kind": "PDF", "open_payload": "{\"contentId\": \"cont_xutonqh4irtj7e28mls6gqoa\"}", "file": "S-05_Dividend_Vouchers_2008_2019.pdf"}, {"title": "Employment Contract and P60s", "contentId": "cont_zwymrrrvqm137mmzau6i05lu", "kind": "PDF", "open_payload": "{\"contentId\": \"cont_zwymrrrvqm137mmzau6i05lu\"}", "file": "S-06_Employment_Contract_and_P60s.pdf"}, {"title": "SA302 Tax Calculation", "contentId": "cont_u38svvyky8rtnu329tzn18hx", "kind": "PDF", "open_payload": "{\"contentId\": \"cont_u38svvyky8rtnu329tzn18hx\"}", "file": "S-07_SA302_Tax_Calculation.pdf"}, {"title": "Probate Will Estate Accounts 2015", "contentId": "cont_s50s6i5mft55gr8t35qazmzf", "kind": "PDF", "open_payload": "{\"contentId\": \"cont_s50s6i5mft55gr8t35qazmzf\"}", "file": "S-08_Probate_Will_Estate_Accounts_2015.pdf"}, {"title": "Ellery Family Settlement Trust", "contentId": "cont_ewvhnlvwdjgcuick2b6lc9sg", "kind": "PDF", "open_payload": "{\"contentId\": \"cont_ewvhnlvwdjgcuick2b6lc9sg\"}", "file": "S-09_Ellery_Family_Settlement_Trust.pdf"}, {"title": "Trade Press Article 2019", "contentId": "cont_xj2waui4fi0mc34gwm9wwc43", "kind": "HTML", "open_payload": "{\"contentId\": \"cont_xj2waui4fi0mc34gwm9wwc43\"}", "file": "S-10_Trade_Press_Article_2019.html"}, {"title": "passport scan", "contentId": "cont_bo6312xliz0ru8py60utg2vo", "kind": "PDF", "open_payload": "{\"contentId\": \"cont_bo6312xliz0ru8py60utg2vo\"}", "file": "passport_scan.pdf"}]$rmj$::jsonb) ON CONFLICT (client_id) DO NOTHING;
INSERT INTO documents_catalog (client_id, data) VALUES ($rmt$CH-PB-0049217$rmt$, $rmj$[{"title": "Persona Markus Brunner HNW", "contentId": "cont_xe4pj9jztk95oe5vjj9x4up7", "kind": "DOCX", "open_payload": "{\"contentId\": \"cont_xe4pj9jztk95oe5vjj9x4up7\"}", "file": "Persona_Markus_Brunner_HNW.docx"}, {"title": "Persona Markus Brunner HNW", "contentId": "cont_rx3ol3nanou80e8af2388pt9", "kind": "PDF", "open_payload": "{\"contentId\": \"cont_rx3ol3nanou80e8af2388pt9\"}", "file": "Persona_Markus_Brunner_HNW.pdf"}, {"title": "client dashboard markus", "contentId": "cont_ly1ho3icus7hzro1w92vahoh", "kind": "HTML", "open_payload": "{\"contentId\": \"cont_ly1ho3icus7hzro1w92vahoh\"}", "file": "client-dashboard-markus.html"}]$rmj$::jsonb) ON CONFLICT (client_id) DO NOTHING;
INSERT INTO documents_catalog (client_id, data) VALUES ($rmt$CH-PB-0061884$rmt$, $rmj$[{"title": "Persona Isabelle Lavanchy Re UHNW", "contentId": "cont_rzlqiggl9tunxkfq5yznny2p", "kind": "DOCX", "open_payload": "{\"contentId\": \"cont_rzlqiggl9tunxkfq5yznny2p\"}", "file": "Persona_Isabelle_Lavanchy-Re_UHNW.docx"}, {"title": "Persona Isabelle Lavanchy Re UHNW", "contentId": "cont_ryqxh5mtaxx1e8u016ongt2a", "kind": "PDF", "open_payload": "{\"contentId\": \"cont_ryqxh5mtaxx1e8u016ongt2a\"}", "file": "Persona_Isabelle_Lavanchy-Re_UHNW.pdf"}, {"title": "accounts isabelle", "contentId": "cont_przpsidgkfrboe95g18ch4id", "kind": "CSV", "open_payload": "{\"contentId\": \"cont_przpsidgkfrboe95g18ch4id\"}", "file": "t24_accounts_isabelle.csv"}, {"title": "customers isabelle", "contentId": "cont_m7tccmweba87z9cy1uzoopwc", "kind": "CSV", "open_payload": "{\"contentId\": \"cont_m7tccmweba87z9cy1uzoopwc\"}", "file": "t24_customers_isabelle.csv"}]$rmj$::jsonb) ON CONFLICT (client_id) DO NOTHING;
INSERT INTO documents_catalog (client_id, data) VALUES ($rmt$CH-PROS-0118$rmt$, $rmj$[{"title": "Prospect Giulia Moretti Conti UHNW", "contentId": "cont_tzibfr9naaj15d988sd76r7b", "kind": "DOCX", "open_payload": "{\"contentId\": \"cont_tzibfr9naaj15d988sd76r7b\"}", "file": "Prospect_Giulia_Moretti-Conti_UHNW.docx"}, {"title": "Prospect Giulia Moretti Conti UHNW", "contentId": "cont_ndcyut82lulehqivq3i6nbrp", "kind": "PDF", "open_payload": "{\"contentId\": \"cont_ndcyut82lulehqivq3i6nbrp\"}", "file": "Prospect_Giulia_Moretti-Conti_UHNW.pdf"}, {"title": "synthetic prospect Giulia Moretti Conti", "contentId": "cont_d877j32qy16lbf6a639i64b8", "kind": "JSON", "open_payload": "{\"contentId\": \"cont_d877j32qy16lbf6a639i64b8\"}", "file": "synthetic_prospect_Giulia_Moretti-Conti.json"}]$rmj$::jsonb) ON CONFLICT (client_id) DO NOTHING;

